time,amplitude,sr,128.0
0.000000,-0.10914454
0.007812,-0.12684366
0.015625,-0.12684366
0.023438,-0.14454277
0.031250,-0.12094395
0.039062,-0.11504425
0.046875,-0.09144543
0.054688,-0.09734513
0.062500,-0.09734513
0.070312,-0.10324484
0.078125,-0.12684366
0.085938,-0.10914454
0.093750,-0.09734513
0.101562,-0.09734513
0.109375,-0.09734513
0.117188,-0.08554572
0.125000,-0.09144543
0.132812,-0.10914454
0.140625,-0.12684366
0.148438,-0.10324484
0.156250,-0.09734513
0.164062,-0.09144543
0.171875,-0.09144543
0.179688,-0.09144543
0.187500,-0.09734513
0.195312,-0.10914454
0.203125,-0.09734513
0.210938,-0.10324484
0.218750,-0.10914454
0.226562,-0.09734513
0.234375,-0.09144543
0.242188,-0.09734513
0.250000,-0.09734513
0.257812,-0.09734513
0.265625,-0.09734513
0.273438,-0.09144543
0.281250,-0.10324484
0.289062,-0.10914454
0.296875,-0.09734513
0.304688,-0.10324484
0.312500,-0.09144543
0.320312,-0.10914454
0.328125,-0.09734513
0.335938,-0.09734513
0.343750,-0.10324484
0.351562,-0.10324484
0.359375,-0.10324484
0.367188,-0.10324484
0.375000,-0.09734513
0.382812,-0.10324484
0.390625,-0.10914454
0.398438,-0.09734513
0.406250,-0.10324484
0.414062,-0.08554572
0.421875,-0.09144543
0.429688,-0.08554572
0.437500,-0.06194690
0.445312,-0.03834808
0.453125,-0.03244838
0.460938,-0.02064897
0.468750,0.01474926
0.476562,0.02654867
0.484375,0.01474926
0.492188,0.01474926
0.500000,-0.02064897
0.507812,-0.05604720
0.515625,-0.07374631
0.523438,-0.07374631
0.531250,-0.06194690
0.539062,-0.06194690
0.546875,-0.06194690
0.554688,-0.03834808
0.562500,-0.02064897
0.570312,0.17994100
0.578125,0.51032448
0.585938,0.59292035
0.593750,0.03244838
0.601562,-0.23303835
0.609375,-0.19174041
0.617188,-0.06194690
0.625000,-0.03244838
0.632812,-0.03834808
0.640625,-0.03834808
0.648438,-0.04424779
0.656250,-0.03244838
0.664062,-0.03244838
0.671875,-0.03834808
0.679688,-0.02654867
0.687500,-0.02064897
0.695312,-0.03244838
0.703125,-0.02654867
0.710938,-0.02654867
0.718750,-0.01474926
0.726562,-0.01474926
0.734375,-0.00884956
0.742188,-0.01474926
0.750000,-0.00884956
0.757812,0.00294985
0.765625,0.00884956
0.773438,0.02064897
0.781250,0.02064897
0.789062,0.03244838
0.796875,0.05014749
0.804688,0.06784661
0.812500,0.06784661
0.820312,0.08554572
0.828125,0.09734513
0.835938,0.10324484
0.843750,0.11504425
0.851562,0.13274336
0.859375,0.13274336
0.867188,0.13864307
0.875000,0.12684366
0.882812,0.10914454
0.890625,0.08554572
0.898438,0.05014749
0.906250,0.01474926
0.914062,-0.01474926
0.921875,-0.04424779
0.929688,-0.06194690
0.937500,-0.08554572
0.945312,-0.08554572
0.953125,-0.09144543
0.960938,-0.09734513
0.968750,-0.10324484
0.976562,-0.10324484
0.984375,-0.09144543
0.992188,-0.08554572
1.000000,-0.08554572
1.007812,-0.09734513
1.015625,-0.08554572
1.023438,-0.08554572
1.031250,-0.07964602
1.039062,-0.07964602
1.046875,-0.08554572
1.054688,-0.08554572
1.062500,-0.08554572
1.070312,-0.09144543
1.078125,-0.09144543
1.085938,-0.10914454
1.093750,-0.10324484
1.101562,-0.09734513
1.109375,-0.09734513
1.117188,-0.10914454
1.125000,-0.09734513
1.132812,-0.10914454
1.140625,-0.09734513
1.148438,-0.10324484
1.156250,-0.10914454
1.164062,-0.10914454
1.171875,-0.11504425
1.179688,-0.10914454
1.187500,-0.10914454
1.195312,-0.10324484
1.203125,-0.10914454
1.210938,-0.12094395
1.218750,-0.10324484
1.226562,-0.10914454
1.234375,-0.10914454
1.242188,-0.09144543
1.250000,-0.10324484
1.257812,-0.10914454
1.265625,-0.10324484
1.273438,-0.10914454
1.281250,-0.10324484
1.289062,-0.10914454
1.296875,-0.10324484
1.304688,-0.09734513
1.312500,-0.09144543
1.320312,-0.10914454
1.328125,-0.11504425
1.335938,-0.10324484
1.343750,-0.09734513
1.351562,-0.10914454
1.359375,-0.10324484
1.367188,-0.09144543
1.375000,-0.09734513
1.382812,-0.09144543
1.390625,-0.09734513
1.398438,-0.10914454
1.406250,-0.10324484
1.414062,-0.07964602
1.421875,-0.07374631
1.429688,-0.04424779
1.437500,-0.03244838
1.445312,-0.02064897
1.453125,0.01474926
1.460938,0.00294985
1.468750,0.00294985
1.476562,-0.01474926
1.484375,-0.06194690
1.492188,-0.08554572
1.500000,-0.10914454
1.507812,-0.10914454
1.515625,-0.09734513
1.523438,-0.11504425
1.531250,-0.07964602
1.539062,-0.07374631
1.546875,-0.03834808
1.554688,0.35103245
1.562500,0.80530973
1.570312,0.56932153
1.578125,-0.18584071
1.585938,-0.39233038
1.593750,-0.25663717
1.601562,-0.10324484
1.609375,-0.07964602
1.617188,-0.07964602
1.625000,-0.09734513
1.632812,-0.10324484
1.640625,-0.10324484
1.648438,-0.10324484
1.656250,-0.08554572
1.664062,-0.09144543
1.671875,-0.09144543
1.679688,-0.06784661
1.687500,-0.06784661
1.695312,-0.07374631
1.703125,-0.06194690
1.710938,-0.06784661
1.718750,-0.06194690
1.726562,-0.04424779
1.734375,-0.03834808
1.742188,-0.03244838
1.750000,-0.01474926
1.757812,-0.00884956
1.765625,-0.01474926
1.773438,-0.00884956
1.781250,0.02064897
1.789062,0.02654867
1.796875,0.03244838
1.804688,0.06784661
1.812500,0.06784661
1.820312,0.07964602
1.828125,0.09144543
1.835938,0.08554572
1.843750,0.09144543
1.851562,0.09144543
1.859375,0.06784661
1.867188,0.05604720
1.875000,0.02064897
1.882812,-0.00884956
1.890625,-0.05604720
1.898438,-0.08554572
1.906250,-0.09734513
1.914062,-0.11504425
1.921875,-0.12684366
1.929688,-0.12684366
1.937500,-0.13864307
1.945312,-0.13864307
1.953125,-0.13274336
1.960938,-0.13864307
1.968750,-0.12684366
1.976562,-0.12684366
1.984375,-0.13274336
1.992188,-0.12094395
2.000000,-0.12684366
2.007812,-0.11504425
2.015625,-0.12094395
2.023438,-0.12684366
2.031250,-0.10914454
2.039062,-0.12094395
2.046875,-0.12094395
2.054688,-0.12094395
2.062500,-0.12094395
2.070312,-0.12684366
2.078125,-0.12684366
2.085938,-0.14454277
2.093750,-0.13274336
2.101562,-0.13274336
2.109375,-0.13274336
2.117188,-0.12684366
2.125000,-0.13274336
2.132812,-0.12684366
2.140625,-0.13864307
2.148438,-0.14454277
2.156250,-0.14454277
2.164062,-0.13274336
2.171875,-0.13274336
2.179688,-0.13864307
2.187500,-0.12684366
2.195312,-0.13864307
2.203125,-0.13864307
2.210938,-0.14454277
2.218750,-0.13864307
2.226562,-0.14454277
2.234375,-0.14454277
2.242188,-0.12684366
2.250000,-0.13864307
2.257812,-0.14454277
2.265625,-0.13864307
2.273438,-0.14454277
2.281250,-0.14454277
2.289062,-0.13274336
2.296875,-0.13864307
2.304688,-0.12094395
2.312500,-0.13274336
2.320312,-0.13864307
2.328125,-0.12094395
2.335938,-0.13274336
2.343750,-0.12684366
2.351562,-0.13274336
2.359375,-0.12684366
2.367188,-0.12094395
2.375000,-0.09734513
2.382812,-0.07964602
2.390625,-0.06784661
2.398438,-0.05014749
2.406250,-0.03244838
2.414062,-0.00294985
2.421875,-0.01474926
2.429688,-0.00884956
2.437500,-0.04424779
2.445312,-0.07964602
2.453125,-0.09734513
2.460938,-0.11504425
2.468750,-0.11504425
2.476562,-0.10324484
2.484375,-0.10914454
2.492188,-0.09144543
2.500000,-0.06194690
2.507812,0.06784661
2.515625,0.44542773
2.523438,0.78171091
2.531250,0.15634218
2.539062,-0.35693215
2.546875,-0.32153392
2.554688,-0.16814159
2.562500,-0.09734513
2.570312,-0.10324484
2.578125,-0.10324484
2.585938,-0.10914454
2.593750,-0.10324484
2.601562,-0.09734513
2.609375,-0.09734513
2.617188,-0.08554572
2.625000,-0.09144543
2.632812,-0.07964602
2.640625,-0.08554572
2.648438,-0.09144543
2.656250,-0.07374631
2.664062,-0.07374631
2.671875,-0.06784661
2.679688,-0.06194690
2.687500,-0.05604720
2.695312,-0.05604720
2.703125,-0.03834808
2.710938,-0.03244838
2.718750,-0.02064897
2.726562,-0.01474926
2.734375,0.00294985
2.742188,0.02064897
2.750000,0.03244838
2.757812,0.04424779
2.765625,0.05604720
2.773438,0.05604720
2.781250,0.07964602
2.789062,0.09144543
2.796875,0.09734513
2.804688,0.10324484
2.812500,0.09144543
2.820312,0.07374631
2.828125,0.04424779
2.835938,0.00294985
2.843750,-0.02654867
2.851562,-0.05604720
2.859375,-0.07964602
2.867188,-0.09144543
2.875000,-0.10914454
2.882812,-0.12094395
2.890625,-0.11504425
2.898438,-0.13274336
2.906250,-0.12684366
2.914062,-0.11504425
2.921875,-0.11504425
2.929688,-0.10324484
2.937500,-0.10914454
2.945312,-0.11504425
2.953125,-0.10324484
2.960938,-0.11504425
2.968750,-0.10914454
2.976562,-0.09734513
2.984375,-0.10324484
2.992188,-0.09734513
3.000000,-0.10324484
3.007812,-0.10914454
3.015625,-0.10914454
3.023438,-0.11504425
3.031250,-0.10914454
3.039062,-0.10914454
3.046875,-0.11504425
3.054688,-0.11504425
3.062500,-0.12094395
3.070312,-0.12094395
3.078125,-0.11504425
3.085938,-0.13274336
3.093750,-0.11504425
3.101562,-0.12094395
3.109375,-0.12094395
3.117188,-0.11504425
3.125000,-0.12094395
3.132812,-0.11504425
3.140625,-0.12094395
3.148438,-0.12684366
3.156250,-0.10914454
3.164062,-0.12094395
3.171875,-0.12684366
3.179688,-0.09734513
3.187500,-0.12094395
3.195312,-0.11504425
3.203125,-0.09734513
3.210938,-0.12684366
3.218750,-0.12094395
3.226562,-0.10914454
3.234375,-0.10914454
3.242188,-0.10324484
3.250000,-0.10914454
3.257812,-0.10324484
3.265625,-0.10914454
3.273438,-0.10914454
3.281250,-0.09734513
3.289062,-0.10914454
3.296875,-0.10914454
3.304688,-0.09734513
3.312500,-0.10324484
3.320312,-0.09734513
3.328125,-0.10324484
3.335938,-0.08554572
3.343750,-0.06194690
3.351562,-0.03244838
3.359375,-0.03834808
3.367188,-0.00884956
3.375000,0.01474926
3.382812,0.00884956
3.390625,0.00294985
3.398438,-0.03244838
3.406250,-0.05014749
3.414062,-0.08554572
3.421875,-0.10914454
3.429688,-0.09144543
3.437500,-0.09144543
3.445312,-0.09734513
3.453125,-0.07964602
3.460938,-0.06784661
3.468750,0.05604720
3.476562,0.48082596
3.484375,0.94100295
3.492188,0.34513274
3.500000,-0.33333333
3.507812,-0.35103245
3.515625,-0.16224189
3.523438,-0.08554572
3.531250,-0.08554572
3.539062,-0.07964602
3.546875,-0.07964602
3.554688,-0.07964602
3.562500,-0.08554572
3.570312,-0.09144543
3.578125,-0.06194690
3.585938,-0.07964602
3.593750,-0.07374631
3.601562,-0.06784661
3.609375,-0.07374631
3.617188,-0.04424779
3.625000,-0.05014749
3.632812,-0.05604720
3.640625,-0.03244838
3.648438,-0.03834808
3.656250,-0.02064897
3.664062,-0.00294985
3.671875,-0.00294985
3.679688,0.02064897
3.687500,0.02654867
3.695312,0.02654867
3.703125,0.05014749
3.710938,0.06194690
3.718750,0.08554572
3.726562,0.10324484
3.734375,0.10914454
3.742188,0.12684366
3.750000,0.14454277
3.757812,0.14454277
3.765625,0.15044248
3.773438,0.13864307
3.781250,0.12094395
3.789062,0.10914454
3.796875,0.08554572
3.804688,0.05014749
3.812500,0.00884956
3.820312,-0.03834808
3.828125,-0.05014749
3.835938,-0.06784661
3.843750,-0.07374631
3.851562,-0.09734513
3.859375,-0.09144543
3.867188,-0.09144543
3.875000,-0.09144543
3.882812,-0.09734513
3.890625,-0.09144543
3.898438,-0.09734513
3.906250,-0.07964602
3.914062,-0.08554572
3.921875,-0.08554572
3.929688,-0.06784661
3.937500,-0.07374631
3.945312,-0.07374631
3.953125,-0.07374631
3.960938,-0.07964602
3.968750,-0.07964602
3.976562,-0.07374631
3.984375,-0.07964602
3.992188,-0.07964602
4.000000,-0.07374631
4.007812,-0.07964602
4.015625,-0.09144543
4.023438,-0.09144543
4.031250,-0.09144543
4.039062,-0.09734513
4.046875,-0.09734513
4.054688,-0.07964602
4.062500,-0.07964602
4.070312,-0.09144543
4.078125,-0.09734513
4.085938,-0.09734513
4.093750,-0.07964602
4.101562,-0.09144543
4.109375,-0.08554572
4.117188,-0.07374631
4.125000,-0.08554572
4.132812,-0.07964602
4.140625,-0.09734513
4.148438,-0.10914454
4.156250,-0.06784661
4.164062,-0.07964602
4.171875,-0.09144543
4.179688,-0.07964602
4.187500,-0.11504425
4.195312,-0.06784661
4.203125,-0.05604720
4.210938,-0.07964602
4.218750,-0.06194690
4.226562,-0.03244838
4.234375,-0.05014749
4.242188,-0.03834808
4.250000,-0.03244838
4.257812,-0.03244838
4.265625,-0.03834808
4.273438,-0.03244838
4.281250,-0.03244838
4.289062,-0.00294985
4.296875,0.01474926
4.304688,0.04424779
4.312500,0.03244838
4.320312,0.06194690
4.328125,0.09144543
4.335938,0.07964602
4.343750,0.08554572
4.351562,0.04424779
4.359375,0.00884956
4.367188,-0.02064897
4.375000,-0.03834808
4.382812,-0.01474926
4.390625,-0.01474926
4.398438,-0.03244838
4.406250,-0.02064897
4.414062,0.00294985
4.421875,0.06194690
4.429688,0.42182891
4.437500,0.82890855
4.445312,0.40412979
4.453125,-0.20943953
4.460938,-0.32743363
4.468750,-0.17994100
4.476562,-0.03834808
4.484375,-0.03834808
4.492188,-0.02654867
4.500000,-0.03244838
4.507812,-0.03834808
4.515625,-0.04424779
4.523438,-0.00884956
4.531250,-0.02064897
4.539062,-0.02064897
4.546875,-0.01474926
4.554688,-0.02654867
4.562500,-0.01474926
4.570312,-0.00294985
4.578125,0.00294985
4.585938,0.00294985
4.593750,0.02064897
4.601562,0.00294985
4.609375,0.03244838
4.617188,0.05014749
4.625000,0.05604720
4.632812,0.06194690
4.640625,0.07374631
4.648438,0.08554572
4.656250,0.10324484
4.664062,0.10914454
4.671875,0.13274336
4.679688,0.13864307
4.687500,0.15634218
4.695312,0.16814159
4.703125,0.16224189
4.710938,0.17994100
4.718750,0.18584071
4.726562,0.18584071
4.734375,0.17994100
4.742188,0.16814159
4.750000,0.12684366
4.757812,0.07964602
4.765625,0.05604720
4.773438,0.00884956
4.781250,-0.00294985
4.789062,-0.01474926
4.796875,-0.05014749
4.804688,-0.02064897
4.812500,-0.04424779
4.820312,-0.03834808
4.828125,-0.03834808
4.835938,-0.04424779
4.843750,-0.03244838
4.851562,-0.02654867
4.859375,-0.02654867
4.867188,-0.01474926
4.875000,-0.01474926
4.882812,-0.02654867
4.890625,-0.02654867
4.898438,-0.02654867
4.906250,-0.01474926
4.914062,-0.02064897
4.921875,-0.03244838
4.929688,-0.01474926
4.937500,-0.02064897
4.945312,-0.00884956
4.953125,-0.02064897
4.960938,-0.03244838
4.968750,-0.03834808
4.976562,-0.03244838
4.984375,-0.03244838
4.992188,-0.03244838
5.000000,-0.02064897
5.007812,-0.02654867
5.015625,-0.02654867
5.023438,-0.03834808
5.031250,-0.03834808
5.039062,-0.03244838
5.046875,-0.02064897
5.054688,-0.02654867
5.062500,-0.02064897
5.070312,-0.01474926
5.078125,-0.00884956
5.085938,-0.03244838
5.093750,-0.02064897
5.101562,-0.02064897
5.109375,-0.03244838
5.117188,-0.02064897
5.125000,-0.01474926
5.132812,-0.03834808
5.140625,-0.02654867
5.148438,-0.02064897
5.156250,-0.01474926
5.164062,-0.01474926
5.171875,-0.03244838
5.179688,-0.01474926
5.187500,-0.02064897
5.195312,-0.00884956
5.203125,-0.02064897
5.210938,-0.02064897
5.218750,-0.01474926
5.226562,-0.02654867
5.234375,-0.02654867
5.242188,-0.01474926
5.250000,0.00884956
5.257812,0.02654867
5.265625,0.04424779
5.273438,0.03834808
5.281250,0.06784661
5.289062,0.09144543
5.296875,0.09144543
5.304688,0.09144543
5.312500,0.06784661
5.320312,0.03244838
5.328125,-0.00294985
5.335938,-0.02064897
5.343750,-0.01474926
5.351562,-0.01474926
5.359375,-0.01474926
5.367188,0.00294985
5.375000,0.01474926
5.382812,0.03834808
5.390625,0.40412979
5.398438,0.81120944
5.406250,0.76401180
5.414062,-0.05604720
5.421875,-0.29793510
5.429688,-0.17994100
5.437500,-0.00884956
5.445312,0.00884956
5.453125,-0.00884956
5.460938,-0.02064897
5.468750,-0.01474926
5.476562,-0.00294985
5.484375,-0.00294985
5.492188,0.00294985
5.500000,0.00884956
5.507812,0.00294985
5.515625,0.00294985
5.523438,0.00294985
5.531250,0.01474926
5.539062,0.02654867
5.546875,0.02064897
5.554688,0.02654867
5.562500,0.03834808
5.570312,0.05014749
5.578125,0.06194690
5.585938,0.06194690
5.593750,0.07374631
5.601562,0.08554572
5.609375,0.08554572
5.617188,0.10324484
5.625000,0.11504425
5.632812,0.13274336
5.640625,0.15044248
5.648438,0.15634218
5.656250,0.16814159
5.664062,0.18584071
5.671875,0.20353982
5.679688,0.20353982
5.687500,0.17404130
5.695312,0.19764012
5.703125,0.18584071
5.710938,0.13274336
5.718750,0.09734513
5.726562,0.07964602
5.734375,0.04424779
5.742188,0.02064897
5.750000,0.01474926
5.757812,-0.01474926
5.765625,-0.02064897
5.773438,-0.03834808
5.781250,-0.02654867
5.789062,-0.02064897
5.796875,-0.02654867
5.804688,-0.02064897
5.812500,-0.02064897
5.820312,-0.02064897
5.828125,-0.00884956
5.835938,-0.00294985
5.843750,0.00294985
5.851562,-0.01474926
5.859375,-0.00294985
5.867188,-0.00294985
5.875000,-0.00294985
5.882812,-0.00884956
5.890625,0.00294985
5.898438,-0.04424779
5.906250,-0.02654867
5.914062,-0.01474926
5.921875,-0.02064897
5.929688,-0.00884956
5.937500,-0.03244838
5.945312,-0.02654867
5.953125,-0.00884956
5.960938,-0.04424779
5.968750,-0.02064897
5.976562,-0.01474926
5.984375,-0.04424779
5.992188,-0.03244838
6.000000,-0.04424779
6.007812,-0.03244838
6.015625,-0.02064897
6.023438,-0.02654867
6.031250,-0.03244838
6.039062,-0.03244838
6.046875,-0.02064897
6.054688,-0.05014749
6.062500,-0.02654867
6.070312,-0.02064897
6.078125,-0.02654867
6.085938,-0.03244838
6.093750,-0.02654867
6.101562,-0.02654867
6.109375,-0.03244838
6.117188,-0.05014749
6.125000,-0.01474926
6.132812,-0.01474926
6.140625,-0.02654867
6.148438,-0.03244838
6.156250,-0.02064897
6.164062,-0.02064897
6.171875,-0.02064897
6.179688,-0.02654867
6.187500,-0.03244838
6.195312,-0.02654867
6.203125,-0.02654867
6.210938,-0.01474926
6.218750,-0.02064897
6.226562,-0.02654867
6.234375,0.00294985
6.242188,0.03834808
6.250000,0.03244838
6.257812,0.05014749
6.265625,0.10914454
6.273438,0.07374631
6.281250,0.07374631
6.289062,0.05014749
6.296875,0.02064897
6.304688,-0.00884956
6.312500,-0.03834808
6.320312,-0.03834808
6.328125,-0.02064897
6.335938,-0.02654867
6.343750,0.00294985
6.351562,0.01474926
6.359375,0.06194690
6.367188,0.48082596
6.375000,0.89380531
6.382812,0.46312684
6.390625,-0.22123894
6.398438,-0.32153392
6.406250,-0.12684366
6.414062,-0.02064897
6.421875,-0.00884956
6.429688,-0.03244838
6.437500,-0.02064897
6.445312,-0.02654867
6.453125,-0.03834808
6.460938,-0.02654867
6.468750,-0.02654867
6.476562,-0.02064897
6.484375,-0.01474926
6.492188,-0.00294985
6.500000,-0.02064897
6.507812,-0.00884956
6.515625,0.00884956
6.523438,-0.00294985
6.531250,0.01474926
6.539062,0.02064897
6.546875,0.02654867
6.554688,0.04424779
6.562500,0.03834808
6.570312,0.05604720
6.578125,0.07964602
6.585938,0.08554572
6.593750,0.10324484
6.601562,0.11504425
6.609375,0.12094395
6.617188,0.15044248
6.625000,0.15634218
6.632812,0.16224189
6.640625,0.17404130
6.648438,0.17404130
6.656250,0.18584071
6.664062,0.17994100
6.671875,0.15634218
6.679688,0.12094395
6.687500,0.09144543
6.695312,0.06784661
6.703125,0.02064897
6.710938,-0.01474926
6.718750,-0.03244838
6.726562,-0.03834808
6.734375,-0.05604720
6.742188,-0.05604720
6.750000,-0.06784661
6.757812,-0.06194690
6.765625,-0.06194690
6.773438,-0.07374631
6.781250,-0.06194690
6.789062,-0.05604720
6.796875,-0.05014749
6.804688,-0.05604720
6.812500,-0.05014749
6.820312,-0.04424779
6.828125,-0.04424779
6.835938,-0.05604720
6.843750,-0.05604720
6.851562,-0.06194690
6.859375,-0.05604720
6.867188,-0.05014749
6.875000,-0.06194690
6.882812,-0.06784661
6.890625,-0.06784661
6.898438,-0.07374631
6.906250,-0.07374631
6.914062,-0.07964602
6.921875,-0.07964602
6.929688,-0.06784661
6.937500,-0.06784661
6.945312,-0.07374631
6.953125,-0.07964602
6.960938,-0.09144543
6.968750,-0.08554572
6.976562,-0.08554572
6.984375,-0.07964602
6.992188,-0.06784661
7.000000,-0.07374631
7.007812,-0.08554572
7.015625,-0.07964602
7.023438,-0.08554572
7.031250,-0.07374631
7.039062,-0.08554572
7.046875,-0.08554572
7.054688,-0.07964602
7.062500,-0.07964602
7.070312,-0.07374631
7.078125,-0.07374631
7.085938,-0.07374631
7.093750,-0.06784661
7.101562,-0.07374631
7.109375,-0.07964602
7.117188,-0.07374631
7.125000,-0.06784661
7.132812,-0.06784661
7.140625,-0.06784661
7.148438,-0.06784661
7.156250,-0.06194690
7.164062,-0.06784661
7.171875,-0.06784661
7.179688,-0.05604720
7.187500,-0.05014749
7.195312,-0.06194690
7.203125,-0.06194690
7.210938,-0.06194690
7.218750,-0.04424779
7.226562,-0.00294985
7.234375,-0.00884956
7.242188,0.00884956
7.250000,0.05604720
7.257812,0.06194690
7.265625,0.04424779
7.273438,0.03244838
7.281250,-0.00294985
7.289062,-0.03834808
7.296875,-0.06194690
7.304688,-0.05014749
7.312500,-0.06194690
7.320312,-0.05014749
7.328125,-0.03834808
7.335938,-0.03244838
7.343750,0.00294985
7.351562,0.31563422
7.359375,0.72861357
7.367188,0.70501475
7.375000,-0.02064897
7.382812,-0.32743363
7.390625,-0.24483776
7.398438,-0.08554572
7.406250,-0.03834808
7.414062,-0.05604720
7.421875,-0.05604720
7.429688,-0.03834808
7.437500,-0.03834808
7.445312,-0.03834808
7.453125,-0.03834808
7.460938,-0.06194690
7.468750,-0.04424779
7.476562,-0.03834808
7.484375,-0.03244838
7.492188,-0.01474926
7.500000,-0.03244838
7.507812,-0.02654867
7.515625,-0.00294985
7.523438,-0.00294985
7.531250,0.00294985
7.539062,0.00884956
7.546875,0.02064897
7.554688,0.03834808
7.562500,0.03244838
7.570312,0.05604720
7.578125,0.06194690
7.585938,0.06784661
7.593750,0.09144543
7.601562,0.09734513
7.609375,0.12094395
7.617188,0.13274336
7.625000,0.13864307
7.632812,0.15634218
7.640625,0.15044248
7.648438,0.13274336
7.656250,0.13274336
7.664062,0.11504425
7.671875,0.07964602
7.679688,0.05604720
7.687500,0.02064897
7.695312,-0.02654867
7.703125,-0.05014749
7.710938,-0.08554572
7.718750,-0.07964602
7.726562,-0.07964602
7.734375,-0.08554572
7.742188,-0.07374631
7.750000,-0.06784661
7.757812,-0.06194690
7.765625,-0.07374631
7.773438,-0.07964602
7.781250,-0.06194690
7.789062,-0.05014749
7.796875,-0.05604720
7.804688,-0.03834808
7.812500,-0.03834808
7.820312,-0.03834808
7.828125,-0.05014749
7.835938,-0.03244838
7.843750,-0.03244838
7.851562,-0.03244838
7.859375,-0.03834808
7.867188,-0.02654867
7.875000,-0.03834808
7.882812,-0.04424779
7.890625,-0.03834808
7.898438,-0.05014749
7.906250,-0.05014749
7.914062,-0.05604720
7.921875,-0.06194690
7.929688,-0.03834808
7.937500,-0.04424779
7.945312,-0.05604720
7.953125,-0.05604720
7.960938,-0.06194690
7.968750,-0.06784661
7.976562,-0.05604720
7.984375,-0.05604720
7.992188,-0.05014749
8.000000,-0.06194690
8.007812,-0.06784661
8.015625,-0.06194690
8.023438,-0.06784661
8.031250,-0.06784661
8.039062,-0.07374631
8.046875,-0.06194690
8.054688,-0.05604720
8.062500,-0.06194690
8.070312,-0.06194690
8.078125,-0.05604720
8.085938,-0.06194690
8.093750,-0.05604720
8.101562,-0.06194690
8.109375,-0.06784661
8.117188,-0.03834808
8.125000,-0.05604720
8.132812,-0.05604720
8.140625,-0.05604720
8.148438,-0.05604720
8.156250,-0.04424779
8.164062,-0.05014749
8.171875,-0.05604720
8.179688,-0.05014749
8.187500,-0.01474926
8.195312,0.00884956
8.203125,0.00884956
8.210938,0.02654867
8.218750,0.06194690
8.226562,0.05014749
8.234375,0.05604720
8.242188,0.01474926
8.250000,-0.00884956
8.257812,-0.03834808
8.265625,-0.05604720
8.273438,-0.07374631
8.281250,-0.04424779
8.289062,-0.05604720
8.296875,-0.03834808
8.304688,-0.01474926
8.312500,0.07374631
8.320312,0.50442478
8.328125,0.95870206
8.335938,0.47492625
8.343750,-0.23303835
8.351562,-0.32153392
8.359375,-0.16814159
8.367188,-0.03834808
8.375000,-0.02654867
8.382812,-0.05604720
8.390625,-0.05014749
8.398438,-0.06784661
8.406250,-0.06194690
8.414062,-0.03244838
8.421875,-0.03244838
8.429688,-0.03244838
8.437500,-0.03834808
8.445312,-0.02654867
8.453125,-0.04424779
8.460938,-0.03244838
8.468750,-0.02654867
8.476562,-0.02064897
8.484375,-0.00294985
8.492188,0.00294985
8.500000,0.00884956
8.507812,0.00294985
8.515625,0.02064897
8.523438,0.03244838
8.531250,0.04424779
8.539062,0.04424779
8.546875,0.06194690
8.554688,0.08554572
8.562500,0.09734513
8.570312,0.10324484
8.578125,0.12094395
8.585938,0.13274336
8.593750,0.15634218
8.601562,0.15634218
8.609375,0.16224189
8.617188,0.15634218
8.625000,0.15634218
8.632812,0.12094395
8.640625,0.10324484
8.648438,0.07964602
8.656250,0.02064897
8.664062,-0.00884956
8.671875,-0.03834808
8.679688,-0.05014749
8.687500,-0.06784661
8.695312,-0.08554572
8.703125,-0.09144543
8.710938,-0.07964602
8.718750,-0.08554572
8.726562,-0.07964602
8.734375,-0.07964602
8.742188,-0.07964602
8.750000,-0.06784661
8.757812,-0.06784661
8.765625,-0.07374631
8.773438,-0.07374631
8.781250,-0.06784661
8.789062,-0.05604720
8.796875,-0.05014749
8.804688,-0.05014749
8.812500,-0.06194690
8.820312,-0.07374631
8.828125,-0.06784661
8.835938,-0.06784661
8.843750,-0.07964602
8.851562,-0.07964602
8.859375,-0.07964602
8.867188,-0.07374631
8.875000,-0.07964602
8.882812,-0.09734513
8.890625,-0.07374631
8.898438,-0.09144543
8.906250,-0.09144543
8.914062,-0.08554572
8.921875,-0.08554572
8.929688,-0.07374631
8.937500,-0.08554572
8.945312,-0.07964602
8.953125,-0.08554572
8.960938,-0.10324484
8.968750,-0.09144543
8.976562,-0.07964602
8.984375,-0.08554572
8.992188,-0.07964602
9.000000,-0.07964602
9.007812,-0.08554572
9.015625,-0.08554572
9.023438,-0.09734513
9.031250,-0.09144543
9.039062,-0.09144543
9.046875,-0.08554572
9.054688,-0.07374631
9.062500,-0.07964602
9.070312,-0.08554572
9.078125,-0.07374631
9.085938,-0.07964602
9.093750,-0.09734513
9.101562,-0.07964602
9.109375,-0.06784661
9.117188,-0.06194690
9.125000,-0.06194690
9.132812,-0.08554572
9.140625,-0.06784661
9.148438,-0.09144543
9.156250,-0.06784661
9.164062,-0.05604720
9.171875,-0.02064897
9.179688,-0.02654867
9.187500,-0.00884956
9.195312,0.02654867
9.203125,0.05604720
9.210938,0.04424779
9.218750,0.03244838
9.226562,-0.00294985
9.234375,-0.03834808
9.242188,-0.05604720
9.250000,-0.07964602
9.257812,-0.07374631
9.265625,-0.06194690
9.273438,-0.07964602
9.281250,-0.05604720
9.289062,-0.03834808
9.296875,0.02654867
9.304688,0.45722714
9.312500,0.88200590
9.320312,0.50442478
9.328125,-0.23893805
9.335938,-0.35693215
9.343750,-0.19174041
9.351562,-0.05014749
9.359375,-0.05014749
9.367188,-0.06194690
9.375000,-0.07374631
9.382812,-0.05604720
9.390625,-0.06194690
9.398438,-0.06194690
9.406250,-0.05604720
9.414062,-0.04424779
9.421875,-0.04424779
9.429688,-0.03244838
9.437500,-0.04424779
9.445312,-0.03834808
9.453125,-0.03244838
9.460938,-0.02064897
9.468750,-0.01474926
9.476562,-0.00294985
9.484375,-0.00294985
9.492188,0.01474926
9.500000,0.02654867
9.507812,0.02654867
9.515625,0.04424779
9.523438,0.05014749
9.531250,0.05604720
9.539062,0.07964602
9.546875,0.09734513
9.554688,0.11504425
9.562500,0.13274336
9.570312,0.13274336
9.578125,0.13864307
9.585938,0.14454277
9.593750,0.14454277
9.601562,0.15044248
9.609375,0.12684366
9.617188,0.11504425
9.625000,0.09144543
9.632812,0.05604720
9.640625,0.02064897
9.648438,-0.00884956
9.656250,-0.03244838
9.664062,-0.05604720
9.671875,-0.06194690
9.679688,-0.07374631
9.687500,-0.07964602
9.695312,-0.08554572
9.703125,-0.09144543
9.710938,-0.09144543
9.718750,-0.07964602
9.726562,-0.07374631
9.734375,-0.06784661
9.742188,-0.06784661
9.750000,-0.06784661
9.757812,-0.06784661
9.765625,-0.07964602
9.773438,-0.07964602
9.781250,-0.07374631
9.789062,-0.07374631
9.796875,-0.07964602
9.804688,-0.07964602
9.812500,-0.07964602
9.820312,-0.08554572
9.828125,-0.09144543
9.835938,-0.10324484
9.843750,-0.09144543
9.851562,-0.08554572
9.859375,-0.09144543
9.867188,-0.08554572
9.875000,-0.09734513
9.882812,-0.09734513
9.890625,-0.10324484
9.898438,-0.12094395
9.906250,-0.10914454
9.914062,-0.10324484
9.921875,-0.08554572
9.929688,-0.09144543
9.937500,-0.12684366
9.945312,-0.09734513
9.953125,-0.10914454
9.960938,-0.08554572
9.968750,-0.15044248
9.976562,-0.04424779
9.984375,-0.05604720
9.992188,-0.07374631
10.000000,-0.05604720
10.007812,-0.07964602
10.015625,-0.05014749
10.023438,-0.05014749
10.031250,-0.06194690
10.039062,-0.05604720
10.046875,-0.05604720
10.054688,-0.05014749
10.062500,-0.05014749
10.070312,-0.03834808
10.078125,-0.04424779
10.085938,-0.05014749
10.093750,-0.04424779
10.101562,-0.06194690
10.109375,-0.04424779
10.117188,-0.03834808
10.125000,-0.04424779
10.132812,-0.03834808
10.140625,-0.00884956
10.148438,0.00294985
10.156250,0.00294985
10.164062,0.03244838
10.171875,0.05014749
10.179688,0.06784661
10.187500,0.05014749
10.195312,0.03834808
10.203125,0.00294985
10.210938,-0.06194690
10.218750,-0.06784661
10.226562,-0.06194690
10.234375,-0.06784661
10.242188,-0.06194690
10.250000,-0.04424779
10.257812,-0.05014749
10.265625,-0.00884956
10.273438,0.36283186
10.281250,0.81710914
10.289062,0.62831858
10.296875,-0.16224189
10.304688,-0.35103245
10.312500,-0.22713864
10.320312,-0.07964602
10.328125,-0.05604720
10.335938,-0.05604720
10.343750,-0.06194690
10.351562,-0.05604720
10.359375,-0.06194690
10.367188,-0.05014749
10.375000,-0.04424779
10.382812,-0.05014749
10.390625,-0.04424779
10.398438,-0.05604720
10.406250,-0.05604720
10.414062,-0.03834808
10.421875,-0.03244838
10.429688,-0.00884956
10.437500,-0.00884956
10.445312,-0.00294985
10.453125,0.00294985
10.460938,0.00884956
10.468750,0.02064897
10.476562,0.02064897
10.484375,0.02654867
10.492188,0.05014749
10.500000,0.06194690
10.507812,0.07374631
10.515625,0.09144543
10.523438,0.09734513
10.531250,0.13274336
10.539062,0.14454277
10.546875,0.15044248
10.554688,0.15044248
10.562500,0.14454277
10.570312,0.15044248
10.578125,0.15044248
10.585938,0.11504425
10.593750,0.09144543
10.601562,0.05604720
10.609375,0.01474926
10.617188,-0.01474926
10.625000,-0.05014749
10.632812,-0.06194690
10.640625,-0.07374631
10.648438,-0.07964602
10.656250,-0.09734513
10.664062,-0.07374631
10.671875,-0.07964602
10.679688,-0.06194690
10.687500,-0.06194690
10.695312,-0.08554572
10.703125,-0.06784661
10.710938,-0.06194690
10.718750,-0.06194690
10.726562,-0.06784661
10.734375,-0.06784661
10.742188,-0.05604720
10.750000,-0.06194690
10.757812,-0.05604720
10.765625,-0.06194690
10.773438,-0.06194690
10.781250,-0.06194690
10.789062,-0.07964602
10.796875,-0.07964602
10.804688,-0.08554572
10.812500,-0.06784661
10.820312,-0.05604720
10.828125,-0.06784661
10.835938,-0.07374631
10.843750,-0.07374631
10.851562,-0.07374631
10.859375,-0.07374631
10.867188,-0.07964602
10.875000,-0.07374631
10.882812,-0.07374631
10.890625,-0.07964602
10.898438,-0.07374631
10.906250,-0.06194690
10.914062,-0.06784661
10.921875,-0.06784661
10.929688,-0.06194690
10.937500,-0.06194690
10.945312,-0.06784661
10.953125,-0.06784661
10.960938,-0.07374631
10.968750,-0.06194690
10.976562,-0.06784661
10.984375,-0.06194690
10.992188,-0.05014749
11.000000,-0.05014749
11.007812,-0.05604720
11.015625,-0.06194690
11.023438,-0.06194690
11.031250,-0.05604720
11.039062,-0.05604720
11.046875,-0.05604720
11.054688,-0.05014749
11.062500,-0.04424779
11.070312,-0.05014749
11.078125,-0.04424779
11.085938,-0.03244838
11.093750,-0.00884956
11.101562,-0.00884956
11.109375,0.00884956
11.117188,0.03834808
11.125000,0.05014749
11.132812,0.02654867
11.140625,0.00884956
11.148438,-0.01474926
11.156250,-0.04424779
11.164062,-0.06784661
11.171875,-0.07964602
11.179688,-0.06194690
11.187500,-0.06784661
11.195312,-0.06194690
11.203125,-0.06194690
11.210938,-0.05014749
11.218750,0.22713864
11.226562,0.62241888
11.234375,0.62831858
11.242188,-0.02654867
11.250000,-0.32743363
11.257812,-0.25663717
11.265625,-0.10914454
11.273438,-0.09734513
11.281250,-0.09144543
11.289062,-0.08554572
11.296875,-0.09734513
11.304688,-0.09144543
11.312500,-0.08554572
11.320312,-0.08554572
11.328125,-0.08554572
11.335938,-0.09144543
11.343750,-0.07374631
11.351562,-0.07374631
11.359375,-0.06784661
11.367188,-0.06194690
11.375000,-0.05604720
11.382812,-0.05604720
11.390625,-0.04424779
11.398438,-0.04424779
11.406250,-0.03244838
11.414062,-0.01474926
11.421875,-0.00884956
11.429688,0.00294985
11.437500,0.01474926
11.445312,0.02654867
11.453125,0.03834808
11.460938,0.03834808
11.468750,0.07374631
11.476562,0.07374631
11.484375,0.10324484
11.492188,0.11504425
11.500000,0.11504425
11.507812,0.11504425
11.515625,0.11504425
11.523438,0.08554572
11.531250,0.07374631
11.539062,0.04424779
11.546875,0.00884956
11.554688,-0.02064897
11.562500,-0.06784661
11.570312,-0.07964602
11.578125,-0.10324484
11.585938,-0.12094395
11.593750,-0.10914454
11.601562,-0.13274336
11.609375,-0.13274336
11.617188,-0.11504425
11.625000,-0.10914454
11.632812,-0.11504425
11.640625,-0.10914454
11.648438,-0.12094395
11.656250,-0.10914454
11.664062,-0.10324484
11.671875,-0.10914454
11.679688,-0.10324484
11.687500,-0.09734513
11.695312,-0.10324484
11.703125,-0.10914454
11.710938,-0.11504425
11.718750,-0.10914454
11.726562,-0.10324484
11.734375,-0.11504425
11.742188,-0.09734513
11.750000,-0.10914454
11.757812,-0.10914454
11.765625,-0.10914454
11.773438,-0.12094395
11.781250,-0.11504425
11.789062,-0.12094395
11.796875,-0.12684366
11.804688,-0.10324484
11.812500,-0.11504425
11.820312,-0.10914454
11.828125,-0.11504425
11.835938,-0.11504425
11.843750,-0.10324484
11.851562,-0.11504425
11.859375,-0.10914454
11.867188,-0.10914454
11.875000,-0.10324484
11.882812,-0.11504425
11.890625,-0.11504425
11.898438,-0.12094395
11.906250,-0.10914454
11.914062,-0.10324484
11.921875,-0.10324484
11.929688,-0.10914454
11.937500,-0.10324484
11.945312,-0.10324484
11.953125,-0.11504425
11.960938,-0.11504425
11.968750,-0.10324484
11.976562,-0.10324484
11.984375,-0.07374631
11.992188,-0.03834808
12.000000,-0.05014749
12.007812,-0.03244838
12.015625,-0.00294985
12.023438,0.01474926
12.031250,-0.01474926
12.039062,-0.01474926
12.046875,-0.06194690
12.054688,-0.08554572
12.062500,-0.09144543
12.070312,-0.09734513
12.078125,-0.09734513
12.085938,-0.09144543
12.093750,-0.07964602
12.101562,-0.06784661
12.109375,-0.01474926
12.117188,0.35693215
12.125000,0.79941003
12.132812,0.62241888
12.140625,-0.10914454
12.148438,-0.36873156
12.156250,-0.27433628
12.164062,-0.11504425
12.171875,-0.07964602
12.179688,-0.07374631
12.187500,-0.07964602
12.195312,-0.07964602
12.203125,-0.06784661
12.210938,-0.07964602
12.218750,-0.06784661
12.226562,-0.06784661
12.234375,-0.06784661
12.242188,-0.04424779
12.250000,-0.04424779
12.257812,-0.05014749
12.265625,-0.05014749
12.273438,-0.04424779
12.281250,-0.02654867
12.289062,-0.02064897
12.296875,-0.00884956
12.304688,0.00884956
12.312500,0.01474926
12.320312,0.02064897
12.328125,0.03244838
12.335938,0.03244838
12.343750,0.05604720
12.351562,0.06784661
12.359375,0.08554572
12.367188,0.11504425
12.375000,0.11504425
12.382812,0.12684366
12.390625,0.13864307
12.398438,0.11504425
12.406250,0.12684366
12.414062,0.12684366
12.421875,0.10324484
12.429688,0.09144543
12.437500,0.05014749
12.445312,0.01474926
12.453125,-0.02064897
12.460938,-0.05014749
12.468750,-0.05014749
12.476562,-0.07374631
12.484375,-0.06784661
12.492188,-0.06784661
12.500000,-0.07964602
12.507812,-0.07374631
12.515625,-0.07964602
12.523438,-0.06784661
12.531250,-0.06784661
12.539062,-0.06784661
12.546875,-0.05604720
12.554688,-0.05014749
12.562500,-0.04424779
12.570312,-0.05014749
12.578125,-0.04424779
12.585938,-0.04424779
12.593750,-0.03834808
12.601562,-0.04424779
12.609375,-0.05014749
12.617188,-0.03834808
12.625000,-0.03244838
12.632812,-0.05014749
12.640625,-0.05604720
12.648438,-0.06194690
12.656250,-0.05604720
12.664062,-0.05014749
12.671875,-0.05604720
12.679688,-0.05014749
12.687500,-0.05014749
12.695312,-0.05014749
12.703125,-0.06784661
12.710938,-0.05604720
12.718750,-0.05604720
12.726562,-0.06194690
12.734375,-0.06784661
12.742188,-0.04424779
12.750000,-0.05604720
12.757812,-0.05604720
12.765625,-0.06194690
12.773438,-0.06194690
12.781250,-0.06194690
12.789062,-0.05014749
12.796875,-0.05604720
12.804688,-0.05014749
12.812500,-0.05014749
12.820312,-0.05604720
12.828125,-0.05014749
12.835938,-0.05604720
12.843750,-0.05604720
12.851562,-0.04424779
12.859375,-0.04424779
12.867188,-0.01474926
12.875000,0.02064897
12.882812,0.01474926
12.890625,0.03244838
12.898438,0.04424779
12.906250,0.06784661
12.914062,0.05604720
12.921875,0.03834808
12.929688,0.00294985
12.937500,-0.03244838
12.945312,-0.04424779
12.953125,-0.03834808
12.960938,-0.05014749
12.968750,-0.03244838
12.976562,-0.03834808
12.984375,-0.00884956
12.992188,0.09144543
13.000000,0.52212389
13.007812,0.98230088
13.015625,0.71681416
13.023438,-0.17404130
13.031250,-0.33333333
13.039062,-0.18584071
13.046875,-0.03244838
13.054688,-0.02064897
13.062500,-0.03244838
13.070312,-0.02654867
13.078125,-0.03244838
13.085938,-0.04424779
13.093750,-0.03834808
13.101562,-0.02654867
13.109375,-0.03244838
13.117188,-0.01474926
13.125000,-0.01474926
13.132812,-0.01474926
13.140625,-0.01474926
13.148438,-0.00884956
13.156250,0.00294985
13.164062,0.00884956
13.171875,-0.00294985
13.179688,0.01474926
13.187500,0.02654867
13.195312,0.03244838
13.203125,0.05604720
13.210938,0.05014749
13.218750,0.06784661
13.226562,0.08554572
13.234375,0.10324484
13.242188,0.11504425
13.250000,0.12684366
13.257812,0.13274336
13.265625,0.14454277
13.273438,0.14454277
13.281250,0.15634218
13.289062,0.15044248
13.296875,0.13864307
13.304688,0.13274336
13.312500,0.09734513
13.320312,0.06784661
13.328125,0.03244838
13.335938,-0.00294985
13.343750,-0.01474926
13.351562,-0.04424779
13.359375,-0.05604720
13.367188,-0.05604720
13.375000,-0.07374631
13.382812,-0.07374631
13.390625,-0.06784661
13.398438,-0.07374631
13.406250,-0.06194690
13.414062,-0.05604720
13.421875,-0.05604720
13.429688,-0.05014749
13.437500,-0.05014749
13.445312,-0.03834808
13.453125,-0.03244838
13.460938,-0.05014749
13.468750,-0.03244838
13.476562,-0.04424779
13.484375,-0.03834808
13.492188,-0.03244838
13.500000,-0.05014749
13.507812,-0.03834808
13.515625,-0.05604720
13.523438,-0.06194690
13.531250,-0.05014749
13.539062,-0.06194690
13.546875,-0.06194690
13.554688,-0.05604720
13.562500,-0.06194690
13.570312,-0.06784661
13.578125,-0.06194690
13.585938,-0.07374631
13.593750,-0.06194690
13.601562,-0.07374631
13.609375,-0.07374631
13.617188,-0.06194690
13.625000,-0.07374631
13.632812,-0.07964602
13.640625,-0.07964602
13.648438,-0.07964602
13.656250,-0.06784661
13.664062,-0.06784661
13.671875,-0.06784661
13.679688,-0.06784661
13.687500,-0.06194690
13.695312,-0.07374631
13.703125,-0.07374631
13.710938,-0.07374631
13.718750,-0.06784661
13.726562,-0.06784661
13.734375,-0.07374631
13.742188,-0.05604720
13.750000,-0.03834808
13.757812,-0.00884956
13.765625,-0.00884956
13.773438,0.00294985
13.781250,0.03834808
13.789062,0.04424779
13.796875,0.03244838
13.804688,0.02654867
13.812500,-0.02064897
13.820312,-0.06194690
13.828125,-0.06784661
13.835938,-0.08554572
13.843750,-0.07374631
13.851562,-0.06194690
13.859375,-0.05604720
13.867188,-0.06194690
13.875000,-0.00294985
13.882812,0.34513274
13.890625,0.81710914
13.898438,0.93510324
13.906250,-0.01474926
13.914062,-0.38053097
13.921875,-0.26253687
13.929688,-0.07964602
13.937500,-0.05014749
13.945312,-0.06784661
13.953125,-0.07964602
13.960938,-0.07964602
13.968750,-0.07964602
13.976562,-0.07964602
13.984375,-0.06784661
13.992188,-0.06784661
14.000000,-0.06194690
14.007812,-0.06194690
14.015625,-0.06194690
14.023438,-0.07964602
14.031250,-0.05604720
14.039062,-0.03834808
14.046875,-0.03834808
14.054688,-0.02654867
14.062500,-0.03244838
14.070312,-0.01474926
14.078125,-0.00294985
14.085938,-0.02064897
14.093750,0.01474926
14.101562,0.01474926
14.109375,0.03244838
14.117188,0.06194690
14.125000,0.06784661
14.132812,0.07964602
14.140625,0.08554572
14.148438,0.08554572
14.156250,0.11504425
14.164062,0.11504425
14.171875,0.10914454
14.179688,0.12094395
14.187500,0.09734513
14.195312,0.07374631
14.203125,0.03244838
14.210938,-0.00294985
14.218750,-0.03244838
14.226562,-0.05604720
14.234375,-0.08554572
14.242188,-0.08554572
14.250000,-0.10324484
14.257812,-0.10914454
14.265625,-0.10914454
14.273438,-0.10914454
14.281250,-0.10914454
14.289062,-0.11504425
14.296875,-0.10324484
14.304688,-0.08554572
14.312500,-0.09144543
14.320312,-0.10324484
14.328125,-0.07964602
14.335938,-0.08554572
14.343750,-0.10324484
14.351562,-0.08554572
14.359375,-0.08554572
14.367188,-0.07964602
14.375000,-0.08554572
14.382812,-0.09144543
14.390625,-0.09144543
14.398438,-0.10324484
14.406250,-0.09734513
14.414062,-0.10324484
14.421875,-0.10324484
14.429688,-0.09734513
14.437500,-0.10914454
14.445312,-0.10914454
14.453125,-0.10324484
14.460938,-0.12094395
14.468750,-0.11504425
14.476562,-0.10914454
14.484375,-0.12094395
14.492188,-0.10914454
14.500000,-0.11504425
14.507812,-0.12094395
14.515625,-0.11504425
14.523438,-0.12094395
14.531250,-0.12094395
14.539062,-0.11504425
14.546875,-0.13864307
14.554688,-0.11504425
14.562500,-0.11504425
14.570312,-0.12684366
14.578125,-0.11504425
14.585938,-0.13274336
14.593750,-0.12094395
14.601562,-0.12094395
14.609375,-0.12684366
14.617188,-0.12094395
14.625000,-0.13864307
14.632812,-0.12684366
14.640625,-0.12094395
14.648438,-0.12684366
14.656250,-0.08554572
14.664062,-0.06784661
14.671875,-0.07374631
14.679688,-0.04424779
14.687500,-0.00884956
14.695312,-0.02654867
14.703125,-0.02654867
14.710938,-0.05604720
14.718750,-0.07964602
14.726562,-0.13274336
14.734375,-0.13864307
14.742188,-0.13864307
14.750000,-0.14454277
14.757812,-0.13274336
14.765625,-0.12684366
14.773438,-0.12684366
14.781250,-0.07374631
14.789062,0.29793510
14.796875,0.78761062
14.804688,0.59292035
14.812500,-0.26843658
14.820312,-0.43362832
14.828125,-0.29203540
14.835938,-0.15044248
14.843750,-0.13864307
14.851562,-0.13864307
14.859375,-0.14454277
14.867188,-0.13864307
14.875000,-0.15044248
14.882812,-0.15044248
14.890625,-0.13274336
14.898438,-0.14454277
14.906250,-0.13864307
14.914062,-0.13274336
14.921875,-0.15044248
14.929688,-0.12094395
14.937500,-0.11504425
14.945312,-0.10914454
14.953125,-0.10914454
14.960938,-0.11504425
14.968750,-0.09734513
14.976562,-0.08554572
14.984375,-0.08554572
14.992188,-0.07374631
15.000000,-0.06194690
15.007812,-0.05014749
15.015625,-0.03244838
15.023438,-0.03244838
15.031250,-0.00884956
15.039062,0.00294985
15.046875,0.00884956
15.054688,0.02064897
15.062500,0.03244838
15.070312,0.03834808
15.078125,0.04424779
15.085938,0.02654867
15.093750,0.02654867
15.101562,0.01474926
15.109375,-0.02064897
15.117188,-0.05604720
15.125000,-0.09734513
15.132812,-0.13274336
15.140625,-0.13864307
15.148438,-0.16224189
15.156250,-0.17994100
15.164062,-0.17994100
15.171875,-0.18584071
15.179688,-0.17994100
15.187500,-0.17994100
15.195312,-0.18584071
15.203125,-0.17404130
15.210938,-0.17404130
15.218750,-0.16814159
15.226562,-0.16814159
15.234375,-0.17404130
15.242188,-0.15634218
15.250000,-0.16814159
15.257812,-0.15634218
15.265625,-0.15634218
15.273438,-0.16224189
15.281250,-0.16814159
15.289062,-0.17404130
15.296875,-0.17404130
15.304688,-0.16224189
15.312500,-0.16224189
15.320312,-0.17404130
15.328125,-0.17994100
15.335938,-0.19174041
15.343750,-0.17994100
15.351562,-0.17404130
15.359375,-0.17994100
15.367188,-0.17404130
15.375000,-0.16814159
15.382812,-0.18584071
15.390625,-0.17994100
15.398438,-0.17994100
15.406250,-0.17404130
15.414062,-0.17994100
15.421875,-0.17404130
15.429688,-0.17994100
15.437500,-0.17404130
15.445312,-0.17404130
15.453125,-0.16814159
15.460938,-0.17994100
15.468750,-0.17404130
15.476562,-0.16814159
15.484375,-0.16814159
15.492188,-0.17404130
15.500000,-0.16224189
15.507812,-0.16224189
15.515625,-0.17404130
15.523438,-0.17404130
15.531250,-0.16814159
15.539062,-0.16814159
15.546875,-0.16814159
15.554688,-0.15634218
15.562500,-0.16814159
15.570312,-0.16224189
15.578125,-0.16224189
15.585938,-0.16224189
15.593750,-0.15044248
15.601562,-0.12684366
15.609375,-0.10914454
15.617188,-0.10324484
15.625000,-0.08554572
15.632812,-0.05014749
15.640625,-0.03834808
15.648438,-0.05604720
15.656250,-0.05014749
15.664062,-0.09734513
15.671875,-0.13864307
15.679688,-0.16224189
15.687500,-0.16814159
15.695312,-0.16224189
15.703125,-0.15044248
15.710938,-0.16224189
15.718750,-0.14454277
15.726562,-0.12094395
15.734375,0.05604720
15.742188,0.49262537
15.750000,0.78761062
15.757812,0.04424779
15.765625,-0.43362832
15.773438,-0.39233038
15.781250,-0.21533923
15.789062,-0.14454277
15.796875,-0.15634218
15.804688,-0.15634218
15.812500,-0.15634218
15.820312,-0.15634218
15.828125,-0.15634218
15.835938,-0.16224189
15.843750,-0.15634218
15.851562,-0.15044248
15.859375,-0.14454277
15.867188,-0.13274336
15.875000,-0.13274336
15.882812,-0.13864307
15.890625,-0.12684366
15.898438,-0.12094395
15.906250,-0.10914454
15.914062,-0.10914454
15.921875,-0.09734513
15.929688,-0.07964602
15.937500,-0.07964602
15.945312,-0.06784661
15.953125,-0.04424779
15.960938,-0.05014749
15.968750,-0.03834808
15.976562,-0.02654867
15.984375,-0.00884956
15.992188,0.01474926
16.000000,0.01474926
16.007812,0.02064897
16.015625,0.03834808
16.023438,0.02654867
16.031250,0.03834808
16.039062,0.03834808
16.046875,0.01474926
16.054688,0.00294985
16.062500,-0.03244838
16.070312,-0.06784661
16.078125,-0.09144543
16.085938,-0.12684366
16.093750,-0.13864307
16.101562,-0.15634218
16.109375,-0.16814159
16.117188,-0.15634218
16.125000,-0.16224189
16.132812,-0.17404130
16.140625,-0.16814159
16.148438,-0.16224189
16.156250,-0.15044248
16.164062,-0.15634218
16.171875,-0.15044248
16.179688,-0.13864307
16.187500,-0.13864307
16.195312,-0.14454277
16.203125,-0.14454277
16.210938,-0.14454277
16.218750,-0.14454277
16.226562,-0.14454277
16.234375,-0.13864307
16.242188,-0.13274336
16.250000,-0.15044248
16.257812,-0.13864307
16.265625,-0.14454277
16.273438,-0.15634218
16.281250,-0.14454277
16.289062,-0.14454277
16.296875,-0.14454277
16.304688,-0.13864307
16.312500,-0.14454277
16.320312,-0.14454277
16.328125,-0.14454277
16.335938,-0.15634218
16.343750,-0.14454277
16.351562,-0.14454277
16.359375,-0.15044248
16.367188,-0.12684366
16.375000,-0.12684366
16.382812,-0.13864307
16.390625,-0.13274336
16.398438,-0.14454277
16.406250,-0.13864307
16.414062,-0.13274336
16.421875,-0.14454277
16.429688,-0.12684366
16.437500,-0.12684366
16.445312,-0.12094395
16.453125,-0.13274336
16.460938,-0.12684366
16.468750,-0.11504425
16.476562,-0.11504425
16.484375,-0.11504425
16.492188,-0.10914454
16.500000,-0.10914454
16.507812,-0.10324484
16.515625,-0.10324484
16.523438,-0.10324484
16.531250,-0.09144543
16.539062,-0.09144543
16.546875,-0.07964602
16.554688,-0.05014749
16.562500,-0.04424779
16.570312,-0.03244838
16.578125,-0.00294985
16.585938,0.00294985
16.593750,0.00884956
16.601562,-0.00294985
16.609375,-0.04424779
16.617188,-0.06784661
16.625000,-0.09144543
16.632812,-0.10324484
16.640625,-0.10324484
16.648438,-0.10324484
16.656250,-0.07964602
16.664062,-0.06194690
16.671875,-0.05014749
16.679688,0.19174041
16.687500,0.59882006
16.695312,0.77581121
16.703125,0.05604720
16.710938,-0.35693215
16.718750,-0.29203540
16.726562,-0.13864307
16.734375,-0.09734513
16.742188,-0.08554572
16.750000,-0.09144543
16.757812,-0.08554572
16.765625,-0.09144543
16.773438,-0.10324484
16.781250,-0.09144543
16.789062,-0.08554572
16.796875,-0.08554572
16.804688,-0.07374631
16.812500,-0.07374631
16.820312,-0.07374631
16.828125,-0.06784661
16.835938,-0.06194690
16.843750,-0.05014749
16.851562,-0.04424779
16.859375,-0.03244838
16.867188,-0.01474926
16.875000,-0.02064897
16.882812,-0.00884956
16.890625,-0.00294985
16.898438,0.00884956
16.906250,0.02654867
16.914062,0.02654867
16.921875,0.05014749
16.929688,0.06784661
16.937500,0.07374631
16.945312,0.08554572
16.953125,0.10324484
16.960938,0.09734513
16.968750,0.10324484
16.976562,0.10324484
16.984375,0.08554572
16.992188,0.08554572
17.000000,0.05014749
17.007812,0.02654867
17.015625,0.00294985
17.023438,-0.05014749
17.031250,-0.05014749
17.039062,-0.06784661
17.046875,-0.08554572
17.054688,-0.08554572
17.062500,-0.09734513
17.070312,-0.09734513
17.078125,-0.09144543
17.085938,-0.10914454
17.093750,-0.09144543
17.101562,-0.08554572
17.109375,-0.07374631
17.117188,-0.06784661
17.125000,-0.06784661
17.132812,-0.07374631
17.140625,-0.07374631
17.148438,-0.07964602
17.156250,-0.06194690
17.164062,-0.06194690
17.171875,-0.06194690
17.179688,-0.05604720
17.187500,-0.06784661
17.195312,-0.07374631
17.203125,-0.07964602
17.210938,-0.07374631
17.218750,-0.07374631
17.226562,-0.07964602
17.234375,-0.07964602
17.242188,-0.06194690
17.250000,-0.07964602
17.257812,-0.08554572
17.265625,-0.07374631
17.273438,-0.07964602
17.281250,-0.07374631
17.289062,-0.07374631
17.296875,-0.07374631
17.304688,-0.06194690
17.312500,-0.07964602
17.320312,-0.07374631
17.328125,-0.06784661
17.335938,-0.07374631
17.343750,-0.06194690
17.351562,-0.06784661
17.359375,-0.06784661
17.367188,-0.05014749
17.375000,-0.06194690
17.382812,-0.06194690
17.390625,-0.05604720
17.398438,-0.06784661
17.406250,-0.06784661
17.414062,-0.06194690
17.421875,-0.04424779
17.429688,-0.03834808
17.437500,-0.05604720
17.445312,-0.04424779
17.453125,-0.05604720
17.460938,-0.06194690
17.468750,-0.04424779
17.476562,-0.03834808
17.484375,-0.03244838
17.492188,-0.00884956
17.500000,0.02654867
17.507812,0.02064897
17.515625,0.03834808
17.523438,0.06784661
17.531250,0.07374631
17.539062,0.07964602
17.546875,0.04424779
17.554688,0.02064897
17.562500,-0.00884956
17.570312,-0.03834808
17.578125,-0.03244838
17.585938,-0.05014749
17.593750,-0.03244838
17.601562,-0.02064897
17.609375,-0.00884956
17.617188,0.02064897
17.625000,0.33923304
17.632812,0.78171091
17.640625,0.87610619
17.648438,0.06194690
17.656250,-0.30973451
17.664062,-0.21533923
17.671875,-0.04424779
17.679688,-0.00884956
17.687500,-0.02064897
17.695312,-0.02064897
17.703125,-0.02064897
17.710938,-0.02654867
17.718750,-0.02064897
17.726562,-0.00884956
17.734375,-0.00884956
17.742188,0.00294985
17.750000,0.00294985
17.757812,0.00294985
17.765625,0.00884956
17.773438,0.00294985
17.781250,0.01474926
17.789062,0.03244838
17.796875,0.03834808
17.804688,0.05014749
17.812500,0.05604720
17.820312,0.07374631
17.828125,0.06784661
17.835938,0.07374631
17.843750,0.09144543
17.851562,0.10914454
17.859375,0.11504425
17.867188,0.14454277
17.875000,0.14454277
17.882812,0.16814159
17.890625,0.17994100
17.898438,0.17994100
17.906250,0.19764012
17.914062,0.19174041
17.921875,0.18584071
17.929688,0.17994100
17.937500,0.17404130
17.945312,0.15044248
17.953125,0.10914454
17.960938,0.06194690
17.968750,0.05014749
17.976562,0.01474926
17.984375,-0.00884956
17.992188,-0.00884956
18.000000,-0.01474926
18.007812,-0.02064897
18.015625,-0.02654867
18.023438,-0.03244838
18.031250,-0.00884956
18.039062,-0.00884956
18.046875,0.00294985
18.054688,0.01474926
18.062500,0.01474926
18.070312,0.00884956
18.078125,0.01474926
18.085938,0.02064897
18.093750,0.02654867
18.101562,0.04424779
18.109375,0.04424779
18.117188,0.05014749
18.125000,0.05014749
18.132812,0.05014749
18.140625,0.05604720
18.148438,0.05604720
18.156250,0.06194690
18.164062,0.06194690
18.171875,0.07374631
18.179688,0.08554572
18.187500,0.08554572
18.195312,0.09144543
18.203125,0.09144543
18.210938,0.09734513
18.218750,0.10324484
18.226562,0.11504425
18.234375,0.11504425
18.242188,0.12094395
18.250000,0.12684366
18.257812,0.13274336
18.265625,0.13274336
18.273438,0.13864307
18.281250,0.13864307
18.289062,0.14454277
18.296875,0.14454277
18.304688,0.15044248
18.312500,0.15634218
18.320312,0.15634218
18.328125,0.15044248
18.335938,0.15634218
18.343750,0.16224189
18.351562,0.16224189
18.359375,0.15634218
18.367188,0.16224189
18.375000,0.16814159
18.382812,0.16224189
18.390625,0.16224189
18.398438,0.16814159
18.406250,0.16814159
18.414062,0.16814159
18.421875,0.16814159
18.429688,0.17404130
18.437500,0.17404130
18.445312,0.17404130
18.453125,0.17994100
18.460938,0.17994100
18.468750,0.17994100
18.476562,0.17404130
18.484375,0.16814159
18.492188,0.16814159
18.500000,0.16224189
18.507812,0.16224189
18.515625,0.16224189
18.523438,0.16224189
18.531250,0.16224189
18.539062,0.16814159
18.546875,0.17994100
18.554688,0.23303835
18.562500,0.29793510
18.570312,0.22713864
18.578125,0.12094395
18.585938,0.10324484
18.593750,0.12684366
18.601562,0.13864307
18.609375,0.13274336
18.617188,0.12684366
18.625000,0.12684366
18.632812,0.12094395
18.640625,0.11504425
18.648438,0.10914454
18.656250,0.10914454
18.664062,0.10324484
18.671875,0.10324484
18.679688,0.09144543
18.687500,0.09144543
18.695312,0.09144543
18.703125,0.08554572
18.710938,0.08554572
18.718750,0.09144543
18.726562,0.07964602
18.734375,0.08554572
18.742188,0.09734513
18.750000,0.09734513
18.757812,0.09734513
18.765625,0.09734513
18.773438,0.10324484
18.781250,0.11504425
18.789062,0.12684366
18.796875,0.13274336
18.804688,0.15044248
18.812500,0.15634218
18.820312,0.16814159
18.828125,0.16814159
18.835938,0.16814159
18.843750,0.17404130
18.851562,0.17404130
18.859375,0.15634218
18.867188,0.13274336
18.875000,0.10914454
18.882812,0.06194690
18.890625,0.02064897
18.898438,0.00294985
18.906250,-0.00884956
18.914062,-0.02064897
18.921875,-0.03244838
18.929688,-0.03244838
18.937500,-0.04424779
18.945312,-0.05014749
18.953125,-0.03834808
18.960938,-0.04424779
18.968750,-0.03834808
18.976562,-0.03244838
18.984375,-0.03834808
18.992188,-0.02654867
19.000000,-0.01474926
19.007812,-0.02654867
19.015625,-0.00884956
19.023438,-0.02654867
19.031250,-0.02654867
19.039062,-0.01474926
19.046875,-0.02654867
19.054688,-0.03834808
19.062500,-0.02654867
19.070312,-0.02064897
19.078125,-0.02064897
19.085938,-0.04424779
19.093750,-0.03244838
19.101562,-0.05604720
19.109375,-0.02064897
19.117188,-0.02064897
19.125000,-0.03834808
19.132812,-0.03244838
19.140625,-0.03834808
19.148438,-0.04424779
19.156250,-0.05014749
19.164062,-0.03834808
19.171875,-0.02064897
19.179688,-0.00884956
19.187500,-0.02064897
19.195312,-0.03834808
19.203125,-0.04424779
19.210938,-0.02064897
19.218750,-0.02654867
19.226562,-0.04424779
19.234375,-0.02064897
19.242188,-0.00884956
19.250000,-0.04424779
19.257812,-0.03244838
19.265625,-0.03244838
19.273438,-0.05604720
19.281250,-0.03244838
19.289062,-0.03244838
19.296875,-0.04424779
19.304688,0.00294985
19.312500,-0.01474926
19.320312,-0.02654867
19.328125,-0.00294985
19.335938,0.02654867
19.343750,0.03834808
19.351562,0.04424779
19.359375,0.10914454
19.367188,0.12094395
19.375000,0.08554572
19.382812,0.00294985
19.390625,-0.01474926
19.398438,-0.05604720
19.406250,-0.06194690
19.414062,-0.04424779
19.421875,-0.03834808
19.429688,-0.03244838
19.437500,-0.02064897
19.445312,0.00294985
19.453125,0.18584071
19.460938,0.62831858
19.468750,0.93510324
19.476562,0.20353982
19.484375,-0.34513274
19.492188,-0.23303835
19.500000,-0.10914454
19.507812,-0.04424779
19.515625,-0.05604720
19.523438,-0.06194690
19.531250,-0.04424779
19.539062,-0.05604720
19.546875,-0.01474926
19.554688,-0.03834808
19.562500,-0.04424779
19.570312,-0.04424779
19.578125,-0.05014749
19.585938,-0.05014749
19.593750,-0.02064897
19.601562,-0.01474926
19.609375,-0.01474926
19.617188,-0.00294985
19.625000,-0.00294985
19.632812,-0.00294985
19.640625,0.02064897
19.648438,0.03244838
19.656250,0.02064897
19.664062,0.06194690
19.671875,0.05014749
19.679688,0.07964602
19.687500,0.07964602
19.695312,0.09144543
19.703125,0.09144543
19.710938,0.10324484
19.718750,0.13274336
19.726562,0.14454277
19.734375,0.14454277
19.742188,0.15634218
19.750000,0.17994100
19.757812,0.13864307
19.765625,0.10324484
19.773438,0.07374631
19.781250,0.03244838
19.789062,0.02654867
19.796875,-0.00884956
19.804688,-0.02654867
19.812500,-0.03834808
19.820312,-0.06784661
19.828125,-0.09144543
19.835938,-0.06194690
19.843750,-0.09144543
19.851562,-0.07374631
19.859375,-0.07374631
19.867188,-0.05604720
19.875000,-0.07964602
19.882812,-0.06784661
19.890625,-0.03834808
19.898438,-0.07964602
19.906250,-0.06194690
19.914062,-0.03834808
19.921875,-0.07374631
19.929688,-0.05604720
19.937500,-0.05604720
19.945312,-0.06194690
19.953125,-0.06194690
19.960938,-0.07374631
19.968750,-0.09144543
19.976562,-0.07964602
19.984375,-0.06194690
19.992188,-0.08554572
20.000000,-0.09144543
20.007812,-0.08554572
20.015625,-0.07964602
20.023438,-0.09144543
20.031250,-0.07964602
20.039062,-0.07964602
20.046875,-0.09734513
20.054688,-0.08554572
20.062500,-0.08554572
20.070312,-0.08554572
20.078125,-0.07374631
20.085938,-0.09734513
20.093750,-0.09734513
20.101562,-0.09734513
20.109375,-0.09734513
20.117188,-0.08554572
20.125000,-0.05604720
20.132812,-0.07964602
20.140625,-0.07964602
20.148438,-0.09734513
20.156250,-0.07964602
20.164062,-0.08554572
20.171875,-0.08554572
20.179688,-0.06784661
20.187500,-0.07964602
20.195312,-0.08554572
20.203125,-0.08554572
20.210938,-0.07374631
20.218750,-0.05014749
20.226562,-0.03244838
20.234375,-0.02654867
20.242188,0.00294985
20.250000,0.03244838
20.257812,0.03834808
20.265625,0.00884956
20.273438,0.04424779
20.281250,-0.01474926
20.289062,-0.04424779
20.296875,-0.06784661
20.304688,-0.08554572
20.312500,-0.06784661
20.320312,-0.06784661
20.328125,-0.07374631
20.335938,-0.03244838
20.343750,-0.05014749
20.351562,0.08554572
20.359375,0.50442478
20.367188,0.85840708
20.375000,0.29793510
20.382812,-0.29793510
20.390625,-0.29203540
20.398438,-0.15634218
20.406250,-0.06194690
20.414062,-0.05604720
20.421875,-0.05604720
20.429688,-0.06784661
20.437500,-0.05014749
20.445312,-0.07964602
20.453125,-0.07374631
20.460938,-0.03834808
20.468750,-0.04424779
20.476562,-0.05014749
20.484375,-0.05604720
20.492188,-0.04424779
20.500000,-0.02654867
20.507812,-0.03244838
20.515625,-0.02064897
20.523438,-0.02064897
20.531250,-0.01474926
20.539062,0.01474926
20.546875,-0.00884956
20.554688,0.03834808
20.562500,0.02654867
20.570312,0.03834808
20.578125,0.06784661
20.585938,0.04424779
20.593750,0.06194690
20.601562,0.12684366
20.609375,0.09144543
20.617188,0.10324484
20.625000,0.10914454
20.632812,0.10914454
20.640625,0.12684366
20.648438,0.12094395
20.656250,0.12684366
20.664062,0.09144543
20.671875,0.09144543
20.679688,0.04424779
20.687500,0.00294985
20.695312,0.00884956
20.703125,-0.06194690
20.710938,-0.07374631
20.718750,-0.08554572
20.726562,-0.06784661
20.734375,-0.09144543
20.742188,-0.10914454
20.750000,-0.09734513
20.757812,-0.07964602
20.765625,-0.06784661
20.773438,-0.07374631
20.781250,-0.07964602
20.789062,-0.08554572
20.796875,-0.03834808
20.804688,-0.07374631
20.812500,-0.07374631
20.820312,-0.06784661
20.828125,-0.05014749
20.835938,-0.08554572
20.843750,-0.09144543
20.851562,-0.07374631
20.859375,-0.06784661
20.867188,-0.07964602
20.875000,-0.09734513
20.882812,-0.07964602
20.890625,-0.08554572
20.898438,-0.10914454
20.906250,-0.09144543
20.914062,-0.10914454
20.921875,-0.10324484
20.929688,-0.08554572
20.937500,-0.09144543
20.945312,-0.09734513
20.953125,-0.10324484
20.960938,-0.09144543
20.968750,-0.10914454
20.976562,-0.08554572
20.984375,-0.10914454
20.992188,-0.10324484
21.000000,-0.10324484
21.007812,-0.09734513
21.015625,-0.07964602
21.023438,-0.12094395
21.031250,-0.09144543
21.039062,-0.09734513
21.046875,-0.08554572
21.054688,-0.09144543
21.062500,-0.09144543
21.070312,-0.08554572
21.078125,-0.10914454
21.085938,-0.11504425
21.093750,-0.08554572
21.101562,-0.07964602
21.109375,-0.09144543
21.117188,-0.09144543
21.125000,-0.07964602
21.132812,-0.06784661
21.140625,-0.04424779
21.148438,-0.04424779
21.156250,0.00294985
21.164062,0.00294985
21.171875,0.01474926
21.179688,0.02654867
21.187500,0.00294985
21.195312,-0.02654867
21.203125,-0.06194690
21.210938,-0.08554572
21.218750,-0.07964602
21.226562,-0.10914454
21.234375,-0.08554572
21.242188,-0.06784661
21.250000,-0.08554572
21.257812,-0.06784661
21.265625,0.19174041
21.273438,0.62831858
21.281250,0.72271386
21.289062,0.01474926
21.296875,-0.36283186
21.304688,-0.30383481
21.312500,-0.10324484
21.320312,-0.10324484
21.328125,-0.07374631
21.335938,-0.11504425
21.343750,-0.09734513
21.351562,-0.10324484
21.359375,-0.10324484
21.367188,-0.09734513
21.375000,-0.09144543
21.382812,-0.08554572
21.390625,-0.09144543
21.398438,-0.08554572
21.406250,-0.06784661
21.414062,-0.06194690
21.421875,-0.07374631
21.429688,-0.06194690
21.437500,-0.05604720
21.445312,-0.05604720
21.453125,-0.02064897
21.460938,-0.03834808
21.468750,-0.03834808
21.476562,0.00884956
21.484375,-0.00884956
21.492188,0.00884956
21.500000,0.02064897
21.507812,0.02654867
21.515625,0.03834808
21.523438,0.05604720
21.531250,0.05014749
21.539062,0.07964602
21.546875,0.08554572
21.554688,0.09144543
21.562500,0.06194690
21.570312,0.07964602
21.578125,0.05604720
21.585938,0.03834808
21.593750,-0.00294985
21.601562,-0.03244838
21.609375,-0.05014749
21.617188,-0.07964602
21.625000,-0.10324484
21.632812,-0.12094395
21.640625,-0.13274336
21.648438,-0.14454277
21.656250,-0.14454277
21.664062,-0.13864307
21.671875,-0.13864307
21.679688,-0.11504425
21.687500,-0.14454277
21.695312,-0.10914454
21.703125,-0.10914454
21.710938,-0.12684366
21.718750,-0.14454277
21.726562,-0.12684366
21.734375,-0.12094395
21.742188,-0.12684366
21.750000,-0.12684366
21.757812,-0.11504425
21.765625,-0.11504425
21.773438,-0.15634218
21.781250,-0.13864307
21.789062,-0.11504425
21.796875,-0.15044248
21.804688,-0.15044248
21.812500,-0.14454277
21.820312,-0.13864307
21.828125,-0.16224189
21.835938,-0.15044248
21.843750,-0.16224189
21.851562,-0.13864307
21.859375,-0.15044248
21.867188,-0.13864307
21.875000,-0.15044248
21.882812,-0.13274336
21.890625,-0.15634218
21.898438,-0.13864307
21.906250,-0.15044248
21.914062,-0.12684366
21.921875,-0.15044248
21.929688,-0.14454277
21.937500,-0.10914454
21.945312,-0.16224189
21.953125,-0.15634218
21.960938,-0.14454277
21.968750,-0.15044248
21.976562,-0.13274336
21.984375,-0.13864307
21.992188,-0.13274336
22.000000,-0.13274336
22.007812,-0.12684366
22.015625,-0.15044248
22.023438,-0.14454277
22.031250,-0.15044248
22.039062,-0.15044248
22.046875,-0.13864307
22.054688,-0.13864307
22.062500,-0.13274336
22.070312,-0.13274336
22.078125,-0.09144543
22.085938,-0.08554572
22.093750,-0.08554572
22.101562,-0.04424779
22.109375,-0.02654867
22.117188,-0.02654867
22.125000,-0.04424779
22.132812,-0.07374631
22.140625,-0.14454277
22.148438,-0.15634218
22.156250,-0.15044248
22.164062,-0.13864307
22.171875,-0.15634218
22.179688,-0.14454277
22.187500,-0.12094395
22.195312,-0.10914454
22.203125,0.04424779
22.210938,0.45722714
22.218750,0.71681416
22.226562,0.06784661
22.234375,-0.40412979
22.242188,-0.34513274
22.250000,-0.16224189
22.257812,-0.13864307
22.265625,-0.14454277
22.273438,-0.15044248
22.281250,-0.13864307
22.289062,-0.13274336
22.296875,-0.12684366
22.304688,-0.13864307
22.312500,-0.13274336
22.320312,-0.12094395
22.328125,-0.13274336
22.335938,-0.12684366
22.343750,-0.11504425
22.351562,-0.11504425
22.359375,-0.09144543
22.367188,-0.09144543
22.375000,-0.07964602
22.382812,-0.09144543
22.390625,-0.07964602
22.398438,-0.07374631
22.406250,-0.04424779
22.414062,-0.05014749
22.421875,-0.04424779
22.429688,-0.02064897
22.437500,-0.01474926
22.445312,0.00294985
22.453125,-0.00294985
22.460938,0.00884956
22.468750,0.05014749
22.476562,0.05014749
22.484375,0.03834808
22.492188,0.06194690
22.500000,0.04424779
22.507812,0.03834808
22.515625,0.02654867
22.523438,-0.00884956
22.531250,-0.04424779
22.539062,-0.07964602
22.546875,-0.10324484
22.554688,-0.12684366
22.562500,-0.14454277
22.570312,-0.15044248
22.578125,-0.15634218
22.585938,-0.16814159
22.593750,-0.17994100
22.601562,-0.15044248
22.609375,-0.15634218
22.617188,-0.15044248
22.625000,-0.14454277
22.632812,-0.13864307
22.640625,-0.14454277
22.648438,-0.15044248
22.656250,-0.14454277
22.664062,-0.14454277
22.671875,-0.14454277
22.679688,-0.13864307
22.687500,-0.13864307
22.695312,-0.16224189
22.703125,-0.14454277
22.710938,-0.16224189
22.718750,-0.15634218
22.726562,-0.15634218
22.734375,-0.15634218
22.742188,-0.15634218
22.750000,-0.15634218
22.757812,-0.15634218
22.765625,-0.16224189
22.773438,-0.16224189
22.781250,-0.16224189
22.789062,-0.16814159
22.796875,-0.16814159
22.804688,-0.15634218
22.812500,-0.16224189
22.820312,-0.15634218
22.828125,-0.16224189
22.835938,-0.15634218
22.843750,-0.16224189
22.851562,-0.16224189
22.859375,-0.16224189
22.867188,-0.15634218
22.875000,-0.15634218
22.882812,-0.15044248
22.890625,-0.16224189
22.898438,-0.16814159
22.906250,-0.16814159
22.914062,-0.15634218
22.921875,-0.16224189
22.929688,-0.16224189
22.937500,-0.15634218
22.945312,-0.15634218
22.953125,-0.15044248
22.960938,-0.16224189
22.968750,-0.15634218
22.976562,-0.14454277
22.984375,-0.15044248
22.992188,-0.15044248
23.000000,-0.13864307
23.007812,-0.10914454
23.015625,-0.09144543
23.023438,-0.09734513
23.031250,-0.05604720
23.039062,-0.02654867
23.046875,-0.03834808
23.054688,-0.02654867
23.062500,-0.06784661
23.070312,-0.12094395
23.078125,-0.15634218
23.085938,-0.16814159
23.093750,-0.15634218
23.101562,-0.15044248
23.109375,-0.15634218
23.117188,-0.14454277
23.125000,-0.12094395
23.132812,-0.05604720
23.140625,0.32153392
23.148438,0.76401180
23.156250,0.45132743
23.164062,-0.26843658
23.171875,-0.43362832
23.179688,-0.30383481
23.187500,-0.15634218
23.195312,-0.14454277
23.203125,-0.15634218
23.210938,-0.15634218
23.218750,-0.15634218
23.226562,-0.15044248
23.234375,-0.14454277
23.242188,-0.13864307
23.250000,-0.13864307
23.257812,-0.14454277
23.265625,-0.13864307
23.273438,-0.13864307
23.281250,-0.12684366
23.289062,-0.12094395
23.296875,-0.10914454
23.304688,-0.10914454
23.312500,-0.09144543
23.320312,-0.09144543
23.328125,-0.08554572
23.335938,-0.08554572
23.343750,-0.07374631
23.351562,-0.05014749
23.359375,-0.05014749
23.367188,-0.03244838
23.375000,-0.01474926
23.382812,-0.00294985
23.390625,0.00294985
23.398438,0.02064897
23.406250,0.01474926
23.414062,0.04424779
23.421875,0.04424779
23.429688,0.04424779
23.437500,0.05014749
23.445312,0.03244838
23.453125,0.00884956
23.460938,-0.00294985
23.468750,-0.04424779
23.476562,-0.07964602
23.484375,-0.11504425
23.492188,-0.13274336
23.500000,-0.14454277
23.507812,-0.15634218
23.515625,-0.17404130
23.523438,-0.16814159
23.531250,-0.16224189
23.539062,-0.16224189
23.546875,-0.16814159
23.554688,-0.15634218
23.562500,-0.16224189
23.570312,-0.15044248
23.578125,-0.14454277
23.585938,-0.15044248
23.593750,-0.15044248
23.601562,-0.14454277
23.609375,-0.15634218
23.617188,-0.15634218
23.625000,-0.14454277
23.632812,-0.14454277
23.640625,-0.13864307
23.648438,-0.16224189
23.656250,-0.15634218
23.664062,-0.15044248
23.671875,-0.16224189
23.679688,-0.16224189
23.687500,-0.15634218
23.695312,-0.16814159
23.703125,-0.16224189
23.710938,-0.15634218
23.718750,-0.16224189
23.726562,-0.16814159
23.734375,-0.17404130
23.742188,-0.15634218
23.750000,-0.16224189
23.757812,-0.16814159
23.765625,-0.16224189
23.773438,-0.15634218
23.781250,-0.15044248
23.789062,-0.15634218
23.796875,-0.17404130
23.804688,-0.15634218
23.812500,-0.15044248
23.820312,-0.15634218
23.828125,-0.15634218
23.835938,-0.15634218
23.843750,-0.16224189
23.851562,-0.15044248
23.859375,-0.15634218
23.867188,-0.14454277
23.875000,-0.14454277
23.882812,-0.15044248
23.890625,-0.14454277
23.898438,-0.15044248
23.906250,-0.14454277
23.914062,-0.13864307
23.921875,-0.11504425
23.929688,-0.06784661
23.937500,-0.07374631
23.945312,-0.06194690
23.953125,-0.02654867
23.960938,-0.02654867
23.968750,-0.03244838
23.976562,-0.04424779
23.984375,-0.08554572
23.992188,-0.11504425
24.000000,-0.13274336
24.007812,-0.13274336
24.015625,-0.12094395
24.023438,-0.13274336
24.031250,-0.12684366
24.039062,-0.10324484
24.046875,-0.07374631
24.054688,0.21533923
24.062500,0.62831858
24.070312,0.69321534
24.078125,-0.00884956
24.085938,-0.40412979
24.093750,-0.32743363
24.101562,-0.17404130
24.109375,-0.10324484
24.117188,-0.10914454
24.125000,-0.11504425
24.132812,-0.10914454
24.140625,-0.10324484
24.148438,-0.10914454
24.156250,-0.10324484
24.164062,-0.09734513
24.171875,-0.09144543
24.179688,-0.08554572
24.187500,-0.09144543
24.195312,-0.07374631
24.203125,-0.07964602
24.210938,-0.07964602
24.218750,-0.06784661
24.226562,-0.05604720
24.234375,-0.05604720
24.242188,-0.04424779
24.250000,-0.03244838
24.257812,-0.02654867
24.265625,-0.00884956
24.273438,-0.00884956
24.281250,0.00294985
24.289062,0.01474926
24.296875,0.02064897
24.304688,0.05604720
24.312500,0.06194690
24.320312,0.07374631
24.328125,0.07374631
24.335938,0.07374631
24.343750,0.08554572
24.351562,0.08554572
24.359375,0.07964602
24.367188,0.06194690
24.375000,0.05604720
24.382812,0.02654867
24.390625,0.00294985
24.398438,-0.03834808
24.406250,-0.07964602
24.414062,-0.09144543
24.421875,-0.09734513
24.429688,-0.10324484
24.437500,-0.10914454
24.445312,-0.10914454
24.453125,-0.10914454
24.460938,-0.10914454
24.468750,-0.09734513
24.476562,-0.10324484
24.484375,-0.10324484
24.492188,-0.09144543
24.500000,-0.07964602
24.507812,-0.08554572
24.515625,-0.09144543
24.523438,-0.10324484
24.531250,-0.09144543
24.539062,-0.09734513
24.546875,-0.08554572
24.554688,-0.08554572
24.562500,-0.07964602
24.570312,-0.10324484
24.578125,-0.08554572
24.585938,-0.10324484
24.593750,-0.10324484
24.601562,-0.09734513
24.609375,-0.09734513
24.617188,-0.09734513
24.625000,-0.10324484
24.632812,-0.10324484
24.640625,-0.11504425
24.648438,-0.10914454
24.656250,-0.10324484
24.664062,-0.10324484
24.671875,-0.10324484
24.679688,-0.09144543
24.687500,-0.10324484
24.695312,-0.09144543
24.703125,-0.09734513
24.710938,-0.10914454
24.718750,-0.10324484
24.726562,-0.10324484
24.734375,-0.10914454
24.742188,-0.09734513
24.750000,-0.08554572
24.757812,-0.07964602
24.765625,-0.09734513
24.773438,-0.10914454
24.781250,-0.10324484
24.789062,-0.10324484
24.796875,-0.10914454
24.804688,-0.08554572
24.812500,-0.07374631
24.820312,-0.09734513
24.828125,-0.09734513
24.835938,-0.10914454
24.843750,-0.08554572
24.851562,-0.08554572
24.859375,-0.09144543
24.867188,-0.05604720
24.875000,-0.02654867
24.882812,-0.03244838
24.890625,-0.00294985
24.898438,0.02064897
24.906250,0.03244838
24.914062,0.02064897
24.921875,-0.02064897
24.929688,-0.03244838
24.937500,-0.07964602
24.945312,-0.10324484
24.953125,-0.08554572
24.960938,-0.09734513
24.968750,-0.07374631
24.976562,-0.07964602
24.984375,-0.07374631
24.992188,-0.03244838
25.000000,0.31563422
25.007812,0.76991150
25.015625,0.63421829
25.023438,-0.12684366
25.031250,-0.37463127
25.039062,-0.25073746
25.046875,-0.09734513
25.054688,-0.06784661
25.062500,-0.07374631
25.070312,-0.08554572
25.078125,-0.07964602
25.085938,-0.09144543
25.093750,-0.07964602
25.101562,-0.07374631
25.109375,-0.07374631
25.117188,-0.06194690
25.125000,-0.07374631
25.132812,-0.05604720
25.140625,-0.05604720
25.148438,-0.05014749
25.156250,-0.05014749
25.164062,-0.03244838
25.171875,-0.03244838
25.179688,-0.01474926
25.187500,-0.00294985
25.195312,0.02064897
25.203125,0.00294985
25.210938,0.03244838
25.218750,0.05014749
25.226562,0.08554572
25.234375,0.06784661
25.242188,0.05604720
25.250000,0.07374631
25.257812,0.09144543
25.265625,0.11504425
25.273438,0.12094395
25.281250,0.13274336
25.289062,0.15634218
25.296875,0.13864307
25.304688,0.13864307
25.312500,0.12684366
25.320312,0.07374631
25.328125,0.05014749
25.335938,0.00294985
25.343750,-0.00884956
25.351562,-0.05014749
25.359375,-0.05604720
25.367188,-0.06194690
25.375000,-0.06194690
25.382812,-0.09144543
25.390625,-0.09144543
25.398438,-0.08554572
25.406250,-0.08554572
25.414062,-0.07374631
25.421875,-0.06784661
25.429688,-0.06194690
25.437500,-0.05604720
25.445312,-0.06194690
25.453125,-0.06194690
25.460938,-0.05604720
25.468750,-0.05604720
25.476562,-0.05014749
25.484375,-0.05014749
25.492188,-0.05014749
25.500000,-0.06784661
25.507812,-0.06194690
25.515625,-0.06784661
25.523438,-0.07374631
25.531250,-0.06194690
25.539062,-0.06784661
25.546875,-0.06784661
25.554688,-0.06784661
25.562500,-0.06194690
25.570312,-0.07374631
25.578125,-0.07374631
25.585938,-0.08554572
25.593750,-0.06784661
25.601562,-0.07964602
25.609375,-0.07374631
25.617188,-0.06784661
25.625000,-0.06784661
25.632812,-0.07374631
25.640625,-0.07374631
25.648438,-0.07964602
25.656250,-0.07964602
25.664062,-0.07374631
25.671875,-0.06194690
25.679688,-0.06194690
25.687500,-0.06784661
25.695312,-0.07374631
25.703125,-0.07374631
25.710938,-0.07374631
25.718750,-0.07374631
25.726562,-0.06784661
25.734375,-0.06784661
25.742188,-0.06784661
25.750000,-0.05604720
25.757812,-0.06194690
25.765625,-0.07374631
25.773438,-0.06194690
25.781250,-0.05604720
25.789062,-0.05604720
25.796875,-0.05604720
25.804688,-0.04424779
25.812500,-0.05014749
25.820312,-0.02654867
25.828125,0.00294985
25.835938,0.00294985
25.843750,0.02654867
25.851562,0.06194690
25.859375,0.07374631
25.867188,0.05604720
25.875000,0.05604720
25.882812,-0.00294985
25.890625,-0.02064897
25.898438,-0.05014749
25.906250,-0.05604720
25.914062,-0.04424779
25.921875,-0.04424779
25.929688,-0.03834808
25.937500,-0.01474926
25.945312,-0.01474926
25.953125,0.17404130
25.960938,0.61061947
25.968750,0.92330383
25.976562,0.22123894
25.984375,-0.28613569
25.992188,-0.23303835
26.000000,-0.07374631
26.007812,-0.02064897
26.015625,0.00884956
26.023438,-0.01474926
26.031250,-0.02654867
26.039062,-0.02654867
26.046875,-0.02654867
26.054688,-0.00884956
26.062500,-0.00294985
26.070312,-0.00884956
26.078125,0.00294985
26.085938,-0.00294985
26.093750,0.01474926
26.101562,0.01474926
26.109375,0.02064897
26.117188,0.03244838
26.125000,0.04424779
26.132812,0.05014749
26.140625,0.04424779
26.148438,0.05604720
26.156250,0.07374631
26.164062,0.07964602
26.171875,0.09734513
26.179688,0.11504425
26.187500,0.12684366
26.195312,0.13274336
26.203125,0.15634218
26.210938,0.16224189
26.218750,0.17994100
26.226562,0.18584071
26.234375,0.19764012
26.242188,0.19764012
26.250000,0.20943953
26.257812,0.18584071
26.265625,0.16224189
26.273438,0.12094395
26.281250,0.09144543
26.289062,0.06194690
26.296875,0.03244838
26.304688,0.01474926
26.312500,-0.00884956
26.320312,0.00294985
26.328125,-0.02064897
26.335938,-0.03244838
26.343750,-0.00294985
26.351562,-0.02654867
26.359375,0.00884956
26.367188,-0.00884956
26.375000,-0.01474926
26.382812,-0.00294985
26.390625,0.00294985
26.398438,-0.00294985
26.406250,0.00884956
26.414062,0.00884956
26.421875,0.01474926
26.429688,0.01474926
26.437500,0.02064897
26.445312,0.02064897
26.453125,0.00884956
26.460938,-0.00294985
26.468750,0.00884956
26.476562,0.00884956
26.484375,0.00294985
26.492188,0.00294985
26.500000,0.00294985
26.507812,0.01474926
26.515625,0.00884956
26.523438,-0.00884956
26.531250,0.00294985
26.539062,0.00884956
26.546875,0.00294985
26.554688,0.03244838
26.562500,0.01474926
26.570312,-0.00884956
26.578125,0.00884956
26.585938,-0.00294985
26.593750,0.01474926
26.601562,0.00884956
26.609375,0.00884956
26.617188,0.01474926
26.625000,0.01474926
26.632812,0.03244838
26.640625,0.02064897
26.648438,0.00884956
26.656250,0.00884956
26.664062,0.02064897
26.671875,0.02654867
26.679688,0.02064897
26.687500,0.03244838
26.695312,0.03834808
26.703125,0.02654867
26.710938,0.02064897
26.718750,0.02654867
26.726562,0.03834808
26.734375,0.04424779
26.742188,0.05014749
26.750000,0.03834808
26.757812,0.05604720
26.765625,0.08554572
26.773438,0.08554572
26.781250,0.10324484
26.789062,0.14454277
26.796875,0.15634218
26.804688,0.15044248
26.812500,0.15634218
26.820312,0.12094395
26.828125,0.07374631
26.835938,0.04424779
26.843750,0.04424779
26.851562,0.03244838
26.859375,0.05014749
26.867188,0.06784661
26.875000,0.06784661
26.882812,0.09734513
26.890625,0.35693215
26.898438,0.78171091
26.906250,1.00000000
26.914062,0.25663717
26.921875,-0.22713864
26.929688,-0.15044248
26.937500,0.02064897
26.945312,0.06194690
26.953125,0.06784661
26.960938,0.05604720
26.968750,0.06194690
26.976562,0.05604720
26.984375,0.06784661
26.992188,0.07964602
27.000000,0.07964602
27.007812,0.08554572
27.015625,0.07964602
27.023438,0.07374631
27.031250,0.09144543
27.039062,0.09144543
27.046875,0.10324484
27.054688,0.10914454
27.062500,0.12684366
27.070312,0.12684366
27.078125,0.14454277
27.085938,0.15044248
27.093750,0.15044248
27.101562,0.16224189
27.109375,0.18584071
27.117188,0.19764012
27.125000,0.20943953
27.132812,0.21533923
27.140625,0.23893805
27.148438,0.25073746
27.156250,0.28613569
27.164062,0.23893805
27.171875,0.28023599
27.179688,0.27433628
27.187500,0.26843658
27.195312,0.26253687
27.203125,0.22713864
27.210938,0.20353982
27.218750,0.18584071
27.226562,0.15634218
27.234375,0.11504425
27.242188,0.08554572
27.250000,0.04424779
27.257812,0.06784661
27.265625,0.05014749
27.273438,0.03244838
27.281250,0.05014749
27.289062,0.06194690
27.296875,0.05604720
27.304688,0.06784661
27.312500,0.06194690
27.320312,0.06194690
27.328125,0.06194690
27.335938,0.04424779
27.343750,0.06784661
27.351562,0.07374631
27.359375,0.07964602
27.367188,0.06784661
27.375000,0.06784661
27.382812,0.05604720
27.390625,0.05604720
27.398438,0.05014749
27.406250,0.05604720
27.414062,0.06194690
27.421875,0.05604720
27.429688,0.06784661
27.437500,0.05604720
27.445312,0.05014749
27.453125,0.05604720
27.460938,0.04424779
27.468750,0.05014749
27.476562,0.06784661
27.484375,0.05604720
27.492188,0.05604720
27.500000,0.06784661
27.507812,0.05014749
27.515625,0.06194690
27.523438,0.05604720
27.531250,0.06784661
27.539062,0.07374631
27.546875,0.07374631
27.554688,0.07374631
27.562500,0.06194690
27.570312,0.07374631
27.578125,0.06784661
27.585938,0.06784661
27.593750,0.06784661
27.601562,0.07964602
27.609375,0.07964602
27.617188,0.07964602
27.625000,0.09144543
27.632812,0.07964602
27.640625,0.07374631
27.648438,0.06784661
27.656250,0.08554572
27.664062,0.07964602
27.671875,0.07964602
27.679688,0.08554572
27.687500,0.08554572
27.695312,0.08554572
27.703125,0.09144543
27.710938,0.11504425
27.718750,0.11504425
27.726562,0.13274336
27.734375,0.16224189
27.742188,0.17994100
27.750000,0.16224189
27.757812,0.13864307
27.765625,0.10914454
27.773438,0.08554572
27.781250,0.07374631
27.789062,0.06194690
27.796875,0.05604720
27.804688,0.05604720
27.812500,0.06784661
27.820312,0.06784661
27.828125,0.08554572
27.835938,0.28613569
27.843750,0.69321534
27.851562,0.92330383
27.859375,0.25663717
27.867188,-0.17994100
27.875000,-0.15634218
27.882812,0.01474926
27.890625,0.05014749
27.898438,0.04424779
27.906250,0.04424779
27.914062,0.05014749
27.921875,0.04424779
27.929688,0.04424779
27.937500,0.05014749
27.945312,0.05604720
27.953125,0.05014749
27.960938,0.05604720
27.968750,0.06194690
27.976562,0.05014749
27.984375,0.05604720
27.992188,0.07964602
28.000000,0.07374631
28.007812,0.08554572
28.015625,0.09144543
28.023438,0.09144543
28.031250,0.10324484
28.039062,0.12094395
28.046875,0.12094395
28.054688,0.14454277
28.062500,0.15044248
28.070312,0.16224189
28.078125,0.18584071
28.085938,0.18584071
28.093750,0.20943953
28.101562,0.21533923
28.109375,0.21533923
28.117188,0.25073746
28.125000,0.25073746
28.132812,0.23303835
28.140625,0.20943953
28.148438,0.18584071
28.156250,0.17994100
28.164062,0.12684366
28.171875,0.08554572
28.179688,0.06784661
28.187500,0.03834808
28.195312,0.02064897
28.203125,0.00294985
28.210938,-0.00294985
28.218750,0.00294985
28.226562,-0.00294985
28.234375,-0.00884956
28.242188,0.01474926
28.250000,0.01474926
28.257812,0.00884956
28.265625,0.01474926
28.273438,0.00294985
28.281250,0.01474926
28.289062,0.02064897
28.296875,0.00884956
28.304688,0.02654867
28.312500,0.00884956
28.320312,0.01474926
28.328125,0.00884956
28.335938,-0.00294985
28.343750,0.00884956
28.351562,0.00294985
28.359375,-0.00884956
28.367188,0.00294985
28.375000,-0.00884956
28.382812,-0.01474926
28.390625,-0.01474926
28.398438,-0.01474926
28.406250,-0.02064897
28.414062,-0.02064897
28.421875,-0.02064897
28.429688,-0.01474926
28.437500,-0.01474926
28.445312,-0.02064897
28.453125,-0.01474926
28.460938,-0.02654867
28.468750,-0.02654867
28.476562,-0.02654867
28.484375,-0.02064897
28.492188,-0.01474926
28.500000,-0.02064897
28.507812,-0.02064897
28.515625,-0.02064897
28.523438,-0.03244838
28.531250,-0.02654867
28.539062,-0.02064897
28.546875,-0.02654867
28.554688,-0.00884956
28.562500,-0.01474926
28.570312,-0.02064897
28.578125,-0.02064897
28.585938,-0.02654867
28.593750,-0.02654867
28.601562,-0.02654867
28.609375,-0.01474926
28.617188,-0.01474926
28.625000,-0.01474926
28.632812,-0.01474926
28.640625,0.00294985
28.648438,0.01474926
28.656250,0.01474926
28.664062,0.03244838
28.671875,0.06784661
28.679688,0.09144543
28.687500,0.07374631
28.695312,0.06194690
28.703125,0.01474926
28.710938,-0.01474926
28.718750,-0.03244838
28.726562,-0.04424779
28.734375,-0.03834808
28.742188,-0.02654867
28.750000,-0.03244838
28.757812,-0.02064897
28.765625,-0.00884956
28.773438,0.28023599
28.781250,0.68731563
28.789062,0.81120944
28.796875,0.09734513
28.804688,-0.28023599
28.812500,-0.22123894
28.820312,-0.07374631
28.828125,-0.03244838
28.835938,-0.05014749
28.843750,-0.03244838
28.851562,-0.04424779
28.859375,-0.03834808
28.867188,-0.02654867
28.875000,-0.03244838
28.882812,-0.03244838
28.890625,-0.01474926
28.898438,-0.01474926
28.906250,-0.00884956
28.914062,-0.00294985
28.921875,-0.00884956
28.929688,0.00294985
28.937500,0.00884956
28.945312,0.01474926
28.953125,0.02064897
28.960938,0.01474926
28.968750,0.03244838
28.976562,0.05014749
28.984375,0.05014749
28.992188,0.07374631
29.000000,0.07964602
29.007812,0.09144543
29.015625,0.09734513
29.023438,0.10324484
29.031250,0.12684366
29.039062,0.13274336
29.046875,0.13864307
29.054688,0.15634218
29.062500,0.15634218
29.070312,0.16224189
29.078125,0.15044248
29.085938,0.11504425
29.093750,0.10914454
29.101562,0.06784661
29.109375,0.03244838
29.117188,0.01474926
29.125000,-0.00884956
29.132812,-0.03244838
29.140625,-0.05604720
29.148438,-0.06784661
29.156250,-0.06784661
29.164062,-0.06194690
29.171875,-0.05604720
29.179688,-0.05604720
29.187500,-0.05014749
29.195312,-0.06194690
29.203125,-0.05604720
29.210938,-0.06194690
29.218750,-0.05014749
29.226562,-0.05014749
29.234375,-0.04424779
29.242188,-0.05014749
29.250000,-0.04424779
29.257812,-0.05604720
29.265625,-0.05014749
29.273438,-0.05014749
29.281250,-0.05014749
29.289062,-0.03834808
29.296875,-0.04424779
29.304688,-0.04424779
29.312500,-0.05014749
29.320312,-0.05014749
29.328125,-0.05014749
29.335938,-0.06194690
29.343750,-0.05014749
29.351562,-0.04424779
29.359375,-0.05014749
29.367188,-0.04424779
29.375000,-0.03834808
29.382812,-0.05014749
29.390625,-0.04424779
29.398438,-0.05604720
29.406250,-0.05604720
29.414062,-0.05014749
29.421875,-0.05604720
29.429688,-0.05604720
29.437500,-0.05604720
29.445312,-0.05014749
29.453125,-0.05014749
29.460938,-0.06784661
29.468750,-0.05604720
29.476562,-0.05014749
29.484375,-0.06194690
29.492188,-0.05604720
29.500000,-0.06194690
29.507812,-0.06194690
29.515625,-0.05604720
29.523438,-0.06784661
29.531250,-0.06784661
29.539062,-0.05604720
29.546875,-0.06194690
29.554688,-0.05014749
29.562500,-0.06194690
29.570312,-0.03834808
29.578125,-0.00884956
29.585938,-0.02064897
29.593750,0.01474926
29.601562,0.04424779
29.609375,0.02654867
29.617188,0.03244838
29.625000,0.00294985
29.632812,-0.03244838
29.640625,-0.06784661
29.648438,-0.07964602
29.656250,-0.07374631
29.664062,-0.07374631
29.671875,-0.06784661
29.679688,-0.04424779
29.687500,-0.04424779
29.695312,0.00884956
29.703125,0.35693215
29.710938,0.75221239
29.718750,0.53982301
29.726562,-0.12094395
29.734375,-0.30383481
29.742188,-0.22123894
29.750000,-0.09734513
29.757812,-0.06784661
29.765625,-0.07964602
29.773438,-0.09144543
29.781250,-0.07374631
29.789062,-0.07374631
29.796875,-0.07964602
29.804688,-0.06194690
29.812500,-0.06784661
29.820312,-0.06784661
29.828125,-0.06784661
29.835938,-0.06784661
29.843750,-0.05604720
29.851562,-0.05604720
29.859375,-0.05014749
29.867188,-0.04424779
29.875000,-0.03244838
29.882812,-0.03244838
29.890625,-0.02654867
29.898438,-0.01474926
29.906250,-0.00884956
29.914062,0.00294985
29.921875,0.01474926
29.929688,0.02654867
29.937500,0.03834808
29.945312,0.03834808
29.953125,0.05604720
29.960938,0.06194690
29.968750,0.09144543
29.976562,0.08554572
29.984375,0.07964602
29.992188,0.09734513
